owner,repo,mrr,recall100,recall500,recall1000,recall2000,recall5000,recall10000,commit_count,cve_count,
torvalds,linux,0.1546846055,0.6939130435,0.8008695652,0.8334782609,0.8613043478,0.8930434783,0.9239130435,1000000,1150,0.3313131313
tensorflow,tensorflow,0.02931276953,0.1398176292,0.3404255319,0.4285714286,0.5501519757,0.9179331307,0.9635258359,100000,329,0.3247651283
wireshark,wireshark,0.1409373245,0.5822368421,0.8486842105,0.9572368421,0.9967105263,1,1,93934,304,0.6331744108
FFmpeg,FFmpeg,0.2145298324,0.6483050847,0.813559322,0.8686440678,0.9110169492,0.9406779661,0.9449152542,97430,236,0.7509635292
ImageMagick,ImageMagick,0.1412170418,0.6715976331,0.8846153846,0.9171597633,0.9763313609,1,1,22543,169,0.7945476725
qemu,qemu,0.5550843225,0.8561643836,0.9109589041,0.9383561644,0.9520547945,0.9657534247,0.9794520548,95630,146,0.504758699
php,php-src,0.2710709565,0.7328767123,0.8938356164,0.948630137,0.9726027397,0.9931506849,0.9931506849,100000,146,0
vim,vim,0.2504236161,1,1,1,1,1,1,19539,135,0.2192048598
moodle,moodle,0.1183850867,0.3949579832,0.6806722689,0.8655462185,0.9663865546,0.9915966387,1,92255,119,0.4871763085
phpmyadmin,phpmyadmin,0.07964649328,0.7368421053,0.8736842105,0.9263157895,0.9473684211,0.9894736842,1,100000,95,0.5166101381
jenkinsci,jenkins,0.07252930165,0.3789473684,0.7789473684,0.9052631579,0.9473684211,1,1,30732,95,0.4896248196
ruby,openssl,0.3637580934,0.7365591398,0.8978494624,0.935483871,0.9569892473,0.9677419355,1,35931,93,0.4965764983
gpac,gpac,0.08465597057,0.5930232558,0.8837209302,0.9302325581,0.9418604651,0.976744186,0.976744186,17194,86,1.010501443
radareorg,radare2,0.1909899911,0.7976190476,0.9404761905,1,1,1,1,27251,84,0.4263772176
facebook,hhvm,0.3779708899,0.55,0.575,0.6,0.675,0.825,0.9,72683,40,0.7072018297
krb5,krb5,0.8586507937,1,1,1,1,1,1,20182,30,0.8398240104
mruby,mruby,0.3667723412,0.8666666667,0.9,0.9,0.9,0.9,0.9,12087,30,0.6072651144
mdadams,jasper,0.2510195234,0.7692307692,1,1,1,1,1,1424,26,0.5808398491
FreeRDP,FreeRDP,0.3422583193,0.6818181818,0.7272727273,0.8181818182,1,1,1,16432,22,0.5610731793
vadz,libtiff,0.4251513687,0.9090909091,1,1,1,1,1,3006,22,0.9106481481
libarchive,libarchive,0.4401370175,0.7619047619,1,1,1,1,1,6078,21,0.5893835818
glensc,file,0.04408582533,0.7,1,1,1,1,1,4845,20,0.2992973956
OpenSC,OpenSC,0.1565731261,0.3,0.75,1,1,1,1,10107,20,0.1685660454
LibVNC,libvncserver,0.4418355277,1,1,1,1,1,1,1804,19,0.524576443
rdesktop,rdesktop,0.9605263158,1,1,1,1,1,1,1936,19,0.3010093282
dbry,WavPack,0.5626650234,0.8888888889,1,1,1,1,1,947,18,0.2297543602
uclouvain,openjpeg,0.4240560866,0.8888888889,1,1,1,1,1,2852,18,0.2079816886
neomutt,neomutt,0.1850110005,0.5555555556,1,1,1,1,1,16529,18,0.5476087879
pjsip,pjproject,0.1081147266,0.5294117647,1,1,1,1,1,6550,17,0.3599296505
google,asylo,0.1122651283,0.4375,0.75,0.9375,1,1,1,2460,16,0.6473237357
nginx,njs,0.3394244108,0.9375,1,1,1,1,1,2467,16,0.7091073246
libgd,libgd,0.4509635292,1,1,1,1,1,1,2367,13,0.3300297792
sqlite,sqlite,0.5022399801,0.9230769231,1,1,1,1,1,27244,13,0.5098437426
LibRaw,LibRaw,0.2214253657,0.8333333333,1,1,1,1,1,2391,12,0.4997698069
openbsd,src,0,0,0,0,0,0,,100000,12,0.547240625
curl,curl,0.02829576891,0.5454545455,0.6363636364,0.7272727273,0.9090909091,1,1,33999,11,1.028632479
bfabiszewski,libmobi,0.1871763085,1,1,1,1,1,1,285,11,1.006666667
miniupnp,miniupnp,0.2166101381,1,1,1,1,1,1,2273,10,0.7990116801
kkos,oniguruma,0.1896248196,1,1,1,1,1,1,3137,10,0.7543650794
espruino,Espruino,0.2265764983,0.7,1,1,1,1,1,14503,10,0.5039960856
xkbcommon,libxkbcommon,0.710501443,1,1,1,1,1,1,2340,10,0.7577631579
jsummers,imageworsener,0.1263772176,1,1,1,1,1,1,525,9,0.4482924469
envoyproxy,envoy,0.4627573853,0.6666666667,0.8888888889,0.8888888889,1,1,1,23701,9,0.5906182796
lua,lua,0.5398240104,1,1,1,1,1,1,5652,9,0.5299243143
redis,redis,0.3322651144,0.75,1,1,1,1,1,10876,8,0.6441666667
kyz,libmspack,0.2808398491,1,1,1,1,1,1,421,8,0.5163442096
VirusTotal,yara,0.2610731793,1,1,1,1,1,1,2975,8,0.4100998348
nothings,stb,0.6106481481,1,1,1,1,1,1,1761,8,0.7083251874
ntop,nDPI,0.3143835818,0.75,1,1,1,1,1,4516,8,1.066666667
facebook,hermes,0.1367973956,0.375,0.625,0.625,0.875,1,1,5497,8,0.6067359855
ImageMagick,ImageMagick6,0.006066045423,0.25,0.5,0.875,1,1,1,18521,8,0.4652094718
erikd,libsndfile,0.224576443,1,1,1,1,1,1,3085,7,0.5081485431
openssh,openssh-portable,0.02958075672,0.7142857143,1,1,1,1,1,12853,7,0.5190483878
AcademySoftwareFoundation,openexr,0.01546864588,0.4285714286,0.8571428571,0.8571428571,1,1,1,2560,7,0.9333333333
wolfSSL,wolfMQTT,0.007981688609,0,1,1,1,1,1,604,7,0.5855891936
memcached,memcached,0.2642754546,0.8333333333,1,1,1,1,1,2169,6,0.519047619
inspircd,inspircd,0.1765963171,0.5,0.6666666667,0.6666666667,0.8333333333,1,1,16081,6,0.27962229
znc,znc,0.3639904024,0.8333333333,1,1,1,1,1,5019,6,0.9666666667
videolan,vlc,0.4091073246,1,1,1,1,1,1,100000,6,0.7730392157
systemd,systemd,0.09669644585,0.6666666667,0.8333333333,0.8333333333,0.8333333333,0.8333333333,0.8333333333,48111,6,0.9333333333
qpdf,qpdf,0.2265104093,0.8333333333,1,1,1,1,1,3467,6,0.6857142857
zmartzone,mod_auth_openidc,0.1997698069,1,1,1,1,1,1,1774,6,0.3739088413
flatpak,flatpak,0.2639072916,0.8333333333,1,1,1,1,1,7502,6,0.5522788066
DanBloomberg,leptonica,0.7286324786,1,1,1,1,1,1,1494,6,0.05178772463
jedisct1,pure-ftpd,0.7066666667,1,1,1,1,1,1,1056,5,0.4771934976
postgres,postgres,0.4990116801,1,1,1,1,1,1,73556,5,0.389222561
lxc,lxc,0.4543650794,1,1,1,1,1,1,9540,5,0.6507598784
git,git,0.2239960856,0.8,1,1,1,1,1,56257,5,0.1778325886
torproject,tor,0.4577631579,1,1,1,1,1,1,36315,5,0.7255952381
tats,w3m,0.1882924469,0.6,1,1,1,1,1,2725,5,0.4558922559
madler,zlib,0.2906182796,1,1,1,1,1,1,681,5,0.172798465
MariaDB,server,0.2899243143,0.6,0.8,1,1,1,1,100000,5,0.9355119826
libimobiledevice,libplist,0.3441666667,1,1,1,1,1,1,993,5,0.9888888889
wolfSSL,wolfssl,0.2363442096,0.8,1,1,1,1,1,17144,5,0.2295942341
libexif,libexif,0.1100998348,1,1,1,1,1,1,1433,5,0.5777777778
facebook,proxygen,0.4683251874,0.8,0.8,0.8,1,1,1,13463,5,0.996969697
thorfdbg,libjpeg,0.7666666667,1,1,1,1,1,1,86,5,0.7509803922
taglib,taglib,0.3067359855,1,1,1,1,1,1,2217,4,0.6568627451
mm2,Little-CMS,0.1652094718,1,1,1,1,1,1,998,4,0.1893126791
karelzak,util-linux,0.2581485431,0.75,0.75,1,1,1,1,18859,4,0.55275
apache,httpd,0.2690483878,0.75,0.75,1,1,1,1,34064,4,0.7423076923
bro,bro,0.6333333333,1,1,1,1,1,1,11247,4,0.1040092175
plougher,squashfs-tools,0.3105891936,0.75,1,1,1,1,1,3448,4,0.280433208
libgit2,libgit2,0.219047619,1,1,1,1,1,1,12149,4,0.2199622559
inliniac,suricata,0.05462228997,0.25,1,1,1,1,1,16550,4,0.5420634921
miniupnp,ngiflib,0.6666666667,1,1,1,1,1,1,147,4,0.8277777778
libvips,libvips,0.4730392157,1,1,1,1,1,1,7326,4,0.6155119826
ccxvii,mujs,0.6333333333,1,1,1,1,1,1,759,4,0.9833333333
linuxdeepin,deepin-clone,0.3857142857,1,1,1,1,1,1,289,4,0.8555555556
keepkey,keepkey-firmware,0.07390884133,1,1,1,1,1,1,3754,4,0.6446167097
upx,upx,0.3022788066,0.5,1,1,1,1,1,4244,4,0.9825396825
LibreDWG,libredwg,0.001787724634,0,0.25,0.25,0.5,0.75,1,7233,4,0.8555555556
facebook,fbthrift,0.2521934976,0.25,1,1,1,1,1,27564,4,0.03390413822
ValveSoftware,GameNetworkingSockets,0.08922256098,1,1,1,1,1,1,1385,4,0.8668324217
SELinuxProject,selinux,0.3757598784,0.75,1,1,1,1,1,3917,4,0.5518518519
rizinorg,rizin,0.002832588551,0,0.75,1,1,1,1,29316,4,0.3855938697
open5gs,open5gs,0.4255952381,1,1,1,1,1,1,4467,4,1.077777778
Ettercap,ettercap,0.2225589226,0.6666666667,0.6666666667,1,1,1,1,2547,3,0.4137566138
mono,mono,0.006131798355,0.3333333333,0.6666666667,0.6666666667,1,1,1,100000,3,0.3561470561
rsyslog,rsyslog,0.6688453159,0.6666666667,1,1,1,1,1,11529,3,0.9343137255
OpenVPN,openvpn,0.6888888889,1,1,1,1,1,1,3946,3,0.644754522
libreswan,libreswan,0.02959423409,0.3333333333,0.6666666667,1,1,1,1,33656,3,1.3
phusion,passenger,0.2777777778,1,1,1,1,1,1,8621,3,0.2084478813
quassel,quassel,0.696969697,1,1,1,1,1,1,4631,3,0.5555555556
illumos,illumos-gate,0.4509803922,1,1,1,1,1,1,22500,3,0.6333333333
atheme,atheme,0.3568627451,1,1,1,1,1,1,11245,3,0.7534534535
mysql,mysql-server,0.02264601243,0.3333333333,0.6666666667,0.6666666667,1,1,1,100000,3,0.6614942529
torvalds,linux,0.3091,0.7452,0.8343,0.857,0.8822,0.9222,0.9317,,1150,0.3313131313
libav,libav,0.4423076923,1,1,1,1,1,1,44853,3,0.9722222222
Microsoft,ChakraCore,0.004009217496,0.3333333333,0.3333333333,0.3333333333,0.3333333333,1,1,7226,3,0.3683993361
Exim,exim,0.01376654138,0.6666666667,1,1,1,1,1,6396,3,1.3
ARMmbed,mbedtls,0.01996225591,0.6666666667,0.6666666667,0.6666666667,1,1,1,28815,3,0.4904761905
GNOME,libxml2,0.2420634921,1,1,1,1,1,1,7151,3,0.1526301218
heimdal,heimdal,0.5277777778,1,1,1,1,1,1,30765,3,0.4067567568
apple,cups,0.3488453159,0.6666666667,1,1,1,1,1,2426,3,0.5166666667
Yeraze,ytnef,0.6833333333,1,1,1,1,1,1,298,3,1.3
antlarr,audiofile,0.5555555556,1,1,1,1,1,1,379,3,0.3516233766
cesanta,mongoose,0.3446167097,1,1,1,1,1,1,4897,3,0.2799389779
weechat,weechat,0.6825396825,1,1,1,1,1,1,12984,3,0.9666666667
igrr,axtls-8266,0.5555555556,1,1,1,1,1,1,315,3,0.8833333333
Perl,perl5,0.0005708048858,0,0,0.3333333333,0.3333333333,0.3333333333,0.6666666667,79258,3,0.8166666667
facebook,folly,0.6668324217,0.6666666667,0.6666666667,0.6666666667,0.6666666667,1,1,13724,3,0.9666666667
hoene,libmysofa,0.3518518519,0.6666666667,0.6666666667,0.6666666667,0.6666666667,0.6666666667,0.6666666667,326,3,0.8294117647
strukturag,libheif,0.1189272031,0.6666666667,1,1,1,1,1,3524,3,0.3977443609
libming,libming,0.7777777778,1,1,1,1,1,1,3157,3,0.8625
stephane,libmodbus,0.1137566138,1,1,1,1,1,1,867,3,0
gopro,gpmf-parser,0.05614705615,1,1,1,1,1,1,363,3,0.8135135135
knik0,faad2,0.6676470588,0.6666666667,1,1,1,1,1,866,3,1.3
OSGeo,gdal,0.444754522,0.6666666667,0.6666666667,0.6666666667,1,1,1,83577,3,0.8454545455
pcmacdon,jsish,1,1,1,1,1,1,1,239,3,0.4960784314
bluez,bluez,0.008447881275,0.3333333333,0.6666666667,1,1,1,1,27989,3,0.3354885057
adrienverge,openfortivpn,0.2555555556,1,1,1,1,1,1,766,3,0.65
zhaozg,lua-openssl,0.3333333333,1,1,1,1,1,1,1228,3,0.2853018373
michaelrsweet,htmldoc,0.4534534535,1,1,1,1,1,1,1066,3,0.8625
FreeRTOS,FreeRTOS-Kernel,0.3614942529,1,1,1,1,1,1,3433,3,0.2302054155
leesavide,abcm2ps,0.03131313131,1,1,1,1,1,1,329,3,0.8217391304
babelouest,glewlwyd,0.6722222222,1,1,1,1,1,1,3913,3,0.5
minetest,minetest,0.1683993361,0.3333333333,0.6666666667,1,1,1,1,12176,3,0.9
yoe,nbd,1,1,1,1,1,1,1,1482,2,0.8555555556
jabberd2,jabberd2,0.1904761905,1,1,1,1,1,1,1023,2,0.1023904305
ClusterLabs,pacemaker,0.002630121816,0,0.5,1,1,1,1,29642,2,0.3279524808
monkey,monkey,0.1067567568,1,1,1,1,1,1,3536,2,0.280820294
mapserver,mapserver,0.2166666667,1,1,1,1,1,1,12571,2,0.4764705882
paulusmack,ppp,1,1,1,1,1,1,1,2204,2,1.3
mongodb,mongo,0.1016233766,0.5,1,1,1,1,1,83652,2,0.4388888889
ckolivas,cgminer,0.02993897788,0.5,1,1,1,1,1,7127,2,0.3771103896
rawstudio,rawstudio,0.6666666667,1,1,1,1,1,1,4329,2,1.3
bittorrent,bootstrap-dht,0.5833333333,1,1,1,1,1,1,105,2,0.5166666667
libguestfs,hivex,0.5166666667,1,1,1,1,1,1,558,2,0.1013766215
sddm,sddm,0.6666666667,1,1,1,1,1,1,1387,2,1.3
lxc,lxcfs,0.5294117647,1,1,1,1,1,1,872,2,0.9
weidai11,cryptopp,0.0977443609,1,1,1,1,1,1,6261,2,0.9666666667
pgbouncer,pgbouncer,0.5625,1,1,1,1,1,1,1310,2,0.4428571429
wesnoth,wesnoth,0,0,0,0,0,0,,24308,2,0.3596491228
abrt,abrt,0.5135135135,1,1,1,1,1,1,6874,2,0.8384615385
googlei18n,sfntly,1,1,1,1,1,1,1,184,2,0.5380952381
vincentbernat,lldpd,0.5454545455,1,1,1,1,1,1,2270,2,0.2699978085
dosfstools,dosfstools,0.1960784314,1,1,1,1,1,1,512,2,0.9666666667
bitlbee,bitlbee,0.08548850575,0.5,1,1,1,1,1,3219,2,0.8833333333
libvirt,libvirt,0.5,0.5,0.5,0.5,0.5,0.5,0.5,21971,2,0.9
DaveGamble,cJSON,0.03530183727,0.5,1,1,1,1,1,920,2,0.3134304775
kravietz,pam_tacplus,0.5625,1,1,1,1,1,1,494,2,0.8714285714
harfbuzz,harfbuzz,0.0302054155,0.5,0.5,1,1,1,1,13860,2,0.3358974359
collectd,collectd,0.5217391304,1,1,1,1,1,1,9709,2,0.2602755542
Mindwerks,wildmidi,0.2,1,1,1,1,1,1,1241,2,0.3641762452
ImageMagick,librsvg,0.6,1,1,1,1,1,1,45,2,1.3
akrennmair,newsbeuter,0.5555555556,1,1,1,1,1,1,1996,2,0.4202898551
dovecot,core,0.002390430473,0,0.5,0.5,1,1,1,33379,2,0.6055555556
ceph,ceph,0.02795248078,1,1,1,1,1,1,100000,2,0.3394117647
nginx,nginx,0.03082029398,0.5,1,1,1,1,1,8295,2,0.3520080321
netblue30,firejail,0.1764705882,1,1,1,1,1,1,8628,2,0.3514619883
projectatomic,bubblewrap,1,1,1,1,1,1,1,548,2,0.1026202031
ntop,ntopng,0.1388888889,1,1,1,1,1,1,20283,2,0.2038790294
qbittorrent,qBittorrent,0.07711038961,1,1,1,1,1,1,10106,2,0.5666666667
LibRaw,LibRaw-demosaic-pack-GPL2,1,1,1,1,1,1,1,23,2,0.2024980041
dropbox,lepton,0.2166666667,1,1,1,1,1,1,938,2,0.4047619048
electron,electron,0.001376621523,0,0,1,1,1,1,24797,2,1.3
OpenMPT,openmpt,1,1,1,1,1,1,1,16039,2,0.8454545455
acassen,keepalived,0.6,1,1,1,1,1,1,4844,2,0.8074626866
lighttpd,lighttpd1.4,0.6666666667,1,1,1,1,1,1,5382,2,0.2651837524
hfp,libxsmm,0.1428571429,1,1,1,1,1,1,16426,2,1.3
winscp,winscp,0.05964912281,1,1,1,1,1,1,7510,2,0.4203703704
sleuthkit,sleuthkit,0.5384615385,1,1,1,1,1,1,7941,2,0.4068493151
domoticz,domoticz,0.2380952381,1,1,1,1,1,1,8755,2,0.3307548928
facebookincubator,fizz,0.01999780846,0.5,1,1,1,1,1,5244,2,0.3180546519
Yubico,pam-u2f,0.6666666667,1,1,1,1,1,1,551,2,0.3513157895
enferex,pdfresurrect,0.5833333333,1,1,1,1,1,1,181,2,0.101025641
slicer69,doas,0.6,1,1,1,1,1,1,149,2,0.101001001
tbeu,matio,0.01343047753,1,1,1,1,1,1,1521,2,0.6333333333
fribidi,fribidi,0.5714285714,1,1,1,1,1,1,384,2,0.6333333333
python,typed_ast,0.0358974359,1,1,1,1,1,1,203,2,0.3769230769
FRRouting,frr,0.01027555419,0.5,1,1,1,1,1,28055,2,1.3
linux4sam,at91bootstrap,0.06417624521,1,1,1,1,1,1,1983,2,1.3
milkytracker,MilkyTracker,1,1,1,1,1,1,1,852,2,0.3285714286
troglobit,uftpd,0.1702898551,0.5,1,1,1,1,1,552,2,0.3166666667
yhirose,cpp-peglib,0.3055555556,1,1,1,1,1,1,715,2,1.3
openzfs,zfs,0.03941176471,1,1,1,1,1,1,8650,2,0.2095238095
sparklemotion,nokogiri,0.1020080321,0.5,1,1,1,1,1,6518,2,0.8
fluent,fluent-bit,0.1014619883,0.5,1,1,1,1,1,10410,2,0.4666666667
arangodb,arangodb,0.002620203091,0,0.5,0.5,1,1,1,42514,2,1.3
SerenityOS,serenity,0.003879029428,0,1,1,1,1,1,62956,2,0.6333333333
jsummers,deark,0.2666666667,1,1,1,1,1,1,3590,2,0.2046296296
Exiv2,exiv2,0.002498004092,0,1,1,1,1,1,8530,2,1.3
michaelforney,samurai,0.1047619048,1,1,1,1,1,1,356,2,0.6333333333
projectacrn,acrn-hypervisor,1,1,1,1,1,1,1,8265,2,1.3
DPDK,dpdk,0.5454545455,1,1,1,1,1,1,40988,2,0.3434782609
openvswitch,ovs,0.5074626866,1,1,1,1,1,1,20256,2,0.4111111111
sonicdoe,detect-character-encoding,0.01518375242,0.5,1,1,1,1,1,207,2,1.3
albertodemichelis,squirrel,1,1,1,1,1,1,1,199,2,1.3
PCRE2Project,pcre2,0.1703703704,0.5,1,1,1,1,1,1959,2,0.314084507
hpjansson,chafa,0.1068493151,1,1,1,1,1,1,1344,2,1.3
MisterTea,EternalTerminal,0.03075489282,1,1,1,1,1,1,931,2,0.3434782609
merbanan,rtl_433,0.01805465192,1,1,1,1,1,1,3309,2,0.3192307692
davea42,libdwarf-code,0.05131578947,1,1,1,1,1,1,4641,2,1.3
bminor,glibc,0.001025641026,0,0,1,1,1,1,58207,1,0.5
KDE,kde1-kdebase,0.001001001001,0,0,1,1,1,1,6136,1,0.3833333333
bratsche,pango,0.3333333333,1,1,1,1,1,1,2459,1,1.3
gisle,html-parser,0.3333333333,1,1,1,1,1,1,1082,1,0.2093457944
Dieterbe,uzbl,0.07692307692,1,1,1,1,1,1,3631,1,0.205988024
ensc,irssi-proxy,1,1,1,1,1,1,1,387,1,0.3217391304
kr,beanstalkd,1,1,1,1,1,1,1,834,1,0.425
davidben,nspluginwrapper,0.02857142857,1,1,1,1,1,1,201,1,0.425
yast,yast-core,0.01666666667,1,1,1,1,1,1,2632,1,0.2049019608
reubenhwk,radvd,1,1,1,1,1,1,1,929,1,0.5
alandekok,freeradius-server,0.009523809524,0,1,1,1,1,1,39847,1,0.3222222222
dajobe,raptor,0.5,1,1,1,1,1,1,7439,1,1.3
stefanesser,suhosin,0.1666666667,1,1,1,1,1,1,299,1,1.3
pediapress,pyfribidi,1,1,1,1,1,1,1,27,1,0.0005767012687
sipa,bitcoin,0.3333333333,1,1,1,1,1,1,2985,1,0.2093457944
ivmai,bdwgc,0.00462962963,0,1,1,1,1,1,5792,1,0.6333333333
android,platform_bionic,1,1,1,1,1,1,1,27479,1,1.3
ned14,nedmalloc,0.3333333333,1,1,1,1,1,1,225,1,0.8
darold,squidclamav,1,1,1,1,1,1,1,170,1,1.3
atheme,charybdis,0.04347826087,1,1,1,1,1,1,3560,1,1.3
corosync,corosync,0.1111111111,1,1,1,1,1,1,4262,1,0.6333333333
libguestfs,libguestfs,1,1,1,1,1,1,1,12015,1,1.3
LawnGnome,php-radius,1,1,1,1,1,1,1,100,1,1.3
OpenSIPS,opensips,0.01408450704,1,1,1,1,1,1,17865,1,1.3
SpiderLabs,ModSecurity,1,1,1,1,1,1,1,3348,1,0.4666666667
akheron,jansson,0.04347826087,1,1,1,1,1,1,833,1,1.3
maekitalo,tntnet,0.01923076923,1,1,1,1,1,1,1807,1,0.4111111111
hexchat,hexchat,1,1,1,1,1,1,1,3382,1,0.4111111111
dlitz,pycrypto,0.2,1,1,1,1,1,1,931,1,0.3769230769
jktjkt,trojita,0.08333333333,1,1,1,1,1,1,6593,1,0.6333333333
cherokee,webserver,1,1,1,1,1,1,1,5722,1,0.3166666667
vrtadmin,clamav-devel,0.009345794393,0,1,1,1,1,1,10981,1,1.3
libuv,libuv,0.005988023952,0,1,1,1,1,1,4280,1,0.33125
khaledhosny,ots,0.02173913043,1,1,1,1,1,1,899,1,0.4428571429
madler,pigz,0.125,1,1,1,1,1,1,256,1,1.3
kmatheussen,das_watchdog,0.125,1,1,1,1,1,1,11,1,0.3185185185
YanVugenfirer,kvm-guest-drivers-windows,0.004901960784,0,1,1,1,1,1,2633,1,0.8
01org,opa-fm,0.2,1,1,1,1,1,1,58,1,0.4111111111
abrt,libreport,0.02222222222,1,1,1,1,1,1,2186,1,1.3
tillkamppeter,ippusbxd,1,1,1,1,1,1,1,356,1,0.4
stedolan,jq,1,1,1,1,1,1,1,1661,1,1.3
ocaml,ocaml,0.0005767012687,0,0,0,1,1,1,27975,1,0.55
FreeRADIUS,pam_radius,0.009345794393,0,1,1,1,1,1,173,1,0.6333333333
SchedMD,slurm,0.3333333333,1,1,1,1,1,1,58266,1,0.337037037
Quagga,quagga,1,1,1,1,1,1,1,3981,1,1.3
fragglet,lhasa,0.5,1,1,1,1,1,1,463,1,1.3
kamailio,kamailio,1,1,1,1,1,1,1,37649,1,1.3
jpirko,libndp,1,1,1,1,1,1,1,88,1,0.5
libimobiledevice,libusbmuxd,0.3333333333,1,1,1,1,1,1,225,1,1.3
pornel,pngquant,1,1,1,1,1,1,1,1162,1,1.3
mjg59,pupnp-code,1,1,1,1,1,1,1,845,1,0.6333333333
BelledonneCommunications,bzrtp,1,1,1,1,1,1,1,313,1,1.3
unrealircd,unrealircd,0.1666666667,1,1,1,1,1,1,10106,1,0.3208333333
evilnet,nefarious2,1,1,1,1,1,1,1,639,1,0.8
m6w6,ext-http,0.1111111111,1,1,1,1,1,1,2557,1,1.3
vslavik,winsparkle,0.1111111111,1,1,1,1,1,1,480,1,0.3625
libass,libass,0.07692307692,1,1,1,1,1,1,2087,1,0.3185185185
GNOME,libgsf,0.3333333333,1,1,1,1,1,1,1790,1,1.3
ImpulseAdventure,JPEGsnoop,0.01666666667,1,1,1,1,1,1,89,1,0.3434782609
blueness,sthttpd,1,1,1,1,1,1,1,51,1,1.3
GNOME,gnome-session,0.03125,1,1,1,1,1,1,6750,1,1.3
ioquake,ioq3,0.1428571429,1,1,1,1,1,1,3377,1,1.3
pbatard,rufus,1,1,1,1,1,1,1,2216,1,0.337037037
flori,json,0.01851851852,1,1,1,1,1,1,1065,1,0.3909090909
GNOME,nautilus,0.5,1,1,1,1,1,1,25528,1,0.55
shadowsocks,shadowsocks-libev,0.1111111111,1,1,1,1,1,1,2070,1,0.34
kohler,gifsicle,1,1,1,1,1,1,1,859,1,1.3
aawc,unrar,0.1,1,1,1,1,1,1,24,1,0.3204081633
libofx,libofx,1,1,1,1,1,1,1,323,1,0.8
boothj5,profanity,0.25,1,1,1,1,1,1,6511,1,1.3
GStreamer,gst-plugins-ugly,0.3333333333,1,1,1,1,1,1,5586,1,0.0007733952049
appneta,tcpreplay,0.03703703704,1,1,1,1,1,1,3078,1,0.4428571429
iortcw,iortcw,1,1,1,1,1,1,1,1090,1,1.3
01org,tpm2.0-tools,1,1,1,1,1,1,1,4218,1,1.3
derf,feh,1,1,1,1,1,1,1,1436,1,1.3
varnishcache,varnish-cache,0.2,1,1,1,1,1,1,19094,1,0.35
dinhviethoa,libetpan,1,1,1,1,1,1,1,645,1,1.3
resiprocate,resiprocate,1,1,1,1,1,1,1,10856,1,1.3
elric1,knc,0.3333333333,1,1,1,1,1,1,255,1,0.8
cisco,thor,1,1,1,1,1,1,1,226,1,0.204
fmtlib,fmt,0.02083333333,1,1,1,1,1,1,7209,1,0.6333333333
fatcerberus,minisphere,0.5,1,1,1,1,1,1,3480,1,0.3588235294
transmission,transmission,1,1,1,1,1,1,1,16043,1,0.3909090909
lavv17,lftp,0.0625,1,1,1,1,1,1,4622,1,0.4
AndreRenaud,PDFGen,0.01851851852,1,1,1,1,1,1,356,1,0.3416666667
randombit,botan,1,1,1,1,1,1,1,14212,1,0.6333333333
civetweb,civetweb,0.04347826087,1,1,1,1,1,1,4962,1,1.3
GNOME,gimp,1,1,1,1,1,1,1,58998,1,1.3
glennrp,libpng,1,1,1,1,1,1,1,4315,1,0.3101010101
simsong,tcpflow,1,1,1,1,1,1,1,689,1,0.2037037037
swoole,swoole-src,0.03703703704,1,1,1,1,1,1,11103,1,1.3
xelerance,Openswan,0.09090909091,1,1,1,1,1,1,8153,1,0.3285714286
shellinabox,shellinabox,0.25,1,1,1,1,1,1,386,1,0.55
mongodb,mongo-c-driver,0.04,1,1,1,1,1,1,7276,1,0.4111111111
WAVM,WAVM,1,1,1,1,1,1,1,2319,1,1.3
liblouis,liblouis,0.02040816327,1,1,1,1,1,1,5674,1,1.3
coreutils,gnulib,0.5,1,1,1,1,1,1,26175,1,0.2062111801
netdata,netdata,1,1,1,1,1,1,1,14622,1,1.3
python,cpython,0.0007733952049,0,0,0,1,1,1,100000,1,1.3
cacalabs,libcaca,0.1428571429,1,1,1,1,1,1,1945,1,0.101934236
ucbrise,opaque,1,1,1,1,1,1,1,669,1,0.6333333333
unbit,uwsgi,1,1,1,1,1,1,1,6153,1,1.3
lurcher,unixODBC,1,1,1,1,1,1,1,401,1,0.8
silnrsi,graphite,0.05,1,1,1,1,1,1,1929,1,0.3212765957
sshock,AFFLIBv3,1,1,1,1,1,1,1,167,1,0.1010695187
libyal,libevt,1,1,1,1,1,1,1,350,1,1.3
Yubico,yubico-pam,0.5,1,1,1,1,1,1,720,1,0.3769230769
veracrypt,VeraCrypt,0.004,0,1,1,1,1,1,2423,1,0.3285714286
snapcore,snapd,0.3333333333,1,1,1,1,1,1,42853,1,0.6333333333
facebook,mcrouter,0.05882352941,1,1,1,1,1,1,2875,1,0.4111111111
gpg,libgcrypt,0.09090909091,1,1,1,1,1,1,3491,1,0.8
troglobit,ssdp-responder,0.1,1,1,1,1,1,1,371,1,1.3
phaag,nfdump,0.04166666667,1,1,1,1,1,1,1034,1,0.8
z3APA3A,3proxy,0.3333333333,1,1,1,1,1,1,498,1,1.3
LINBIT,csync2,1,1,1,1,1,1,1,550,1,0.0009225092251
TurboVNC,turbovnc,1,1,1,1,1,1,1,3451,1,0.6333333333
fontforge,fontforge,0.0101010101,1,1,1,1,1,1,18007,1,1.3
libexpat,libexpat,0.003703703704,0,1,1,1,1,1,7656,1,0.6333333333
OpenSC,pam_p11,1,1,1,1,1,1,1,160,1,0.6333333333
zcash,zcash,0.02857142857,1,1,1,1,1,1,13251,1,0.4
GNUAspell,aspell,0.25,1,1,1,1,1,1,185,1,0.3909090909
libidn,libidn2,0.1111111111,1,1,1,1,1,1,931,1,0.6333333333
alanxz,rabbitmq-c,1,1,1,1,1,1,1,974,1,0.8
opencv,opencv,1,1,1,1,1,1,1,22762,1,0.3277777778
NetHack,NetHack,0.006211180124,0,1,1,1,1,1,16042,1,1.3
openSUSE,libsolv,1,1,1,1,1,1,1,3466,1,1.3
sctplab,usrsctp,1,1,1,1,1,1,1,2009,1,1.3
openthread,openthread,0.001934235977,0,0,1,1,1,1,8363,1,0.34
Duncaen,OpenDoas,0.3333333333,1,1,1,1,1,1,264,1,0.2057803468
facebook,wangle,1,1,1,1,1,1,1,6685,1,1.3
Yubico,libu2f-host,0.5,1,1,1,1,1,1,207,1,0.3555555556
nghttp2,nghttp2,0.02127659574,1,1,1,1,1,1,6933,1,0.3212765957
crawl,crawl,0.001069518717,0,0,1,1,1,1,70126,1,0.3416666667
openresty,lua-nginx-module,1,1,1,1,1,1,1,3543,1,0.4428571429
skvadrik,re2c,0.07692307692,1,1,1,1,1,1,3628,1,0.4428571429
teeworlds,teeworlds,0.02857142857,1,1,1,1,1,1,4827,1,1.3
ArtifexSoftware,jbig2dec,0.3333333333,1,1,1,1,1,1,870,1,0.6333333333
AntonKueltz,fastecdsa,0.1111111111,1,1,1,1,1,1,315,1,0.6333333333
gssapi,gssproxy,0.5,1,1,1,1,1,1,739,1,1.3
pupnp,pupnp,1,1,1,1,1,1,1,1582,1,1.3
muttmua,mutt,0.5,1,1,1,1,1,1,11020,1,0.0008163265306
AXDOOMER,doom-vanille,1,1,1,1,1,1,1,113,1,0.6333333333
openenclave,openenclave,0.0009225092251,0,0,0,1,1,1,6166,1,0.6333333333
veyon,veyon,0.3333333333,1,1,1,1,1,1,6418,1,1.3
ArtifexSoftware,ghostpdl,1,1,1,1,1,1,1,24066,1,1.3
CauldronDevelopmentLLC,cbang,0.3333333333,1,1,1,1,1,1,1737,1,0.3153846154
flexpaper,pdf2json,0.3333333333,1,1,1,1,1,1,16,1,0.1017761989
pts,sam2p,0.1,1,1,1,1,1,1,287,1,1.3
plutinosoft,Platinum,0.09090909091,1,1,1,1,1,1,354,1,0.55
NLnetLabs,ldns,0.3333333333,1,1,1,1,1,1,4472,1,0.2078125
trgil,gilcc,0.5,1,1,1,1,1,1,29,1,1.3
avast,retdec,0.02777777778,1,1,1,1,1,1,1945,1,1.3
mltframework,shotcut,1,1,1,1,1,1,1,6366,1,1.3
KDE,ark,1,1,1,1,1,1,1,5379,1,0.1013736264
objsys,oocborrt,1,1,1,1,1,1,1,33,1,1.3
KDE,kdeconnect-kde,0.04,1,1,1,1,1,1,4645,1,0.3476190476
osquery,osquery,0.005780346821,0,1,1,1,1,1,5496,1,0.3625
vmg,redcarpet,1,1,1,1,1,1,1,572,1,0.8
mymarilyn,clickhouse-driver,0.05555555556,1,1,1,1,1,1,521,1,0.6333333333
solokeys,solo,0.02127659574,1,1,1,1,1,1,1018,1,0.202688172
kmackay,micro-ecc,0.04166666667,1,1,1,1,1,1,195,1,0.5
tmux,tmux,0.1428571429,1,1,1,1,1,1,8627,1,0.4428571429
NeoRaider,fastd,0.1428571429,1,1,1,1,1,1,1213,1,0.5
LibVNC,x11vnc,1,1,1,1,1,1,1,505,1,0.3227272727
Blosc,c-blosc2,0.3333333333,1,1,1,1,1,1,3215,1,1.3
389ds,389-ds-base,0.3333333333,1,1,1,1,1,1,6830,1,0.55
kovidgoyal,kitty,1,1,1,1,1,1,1,13856,1,0.2097087379
mkj,dropbear,1,1,1,1,1,1,1,3680,1,1.3
AOMediaCodec,libavif,0.0008163265306,0,0,0,1,1,1,2240,1,0.4111111111
ohler55,agoo,0.3333333333,1,1,1,1,1,1,302,1,0.3144927536
mtrojnar,stunnel,0.3333333333,1,1,1,1,1,1,215,1,1.3
stnoonan,spnego-http-auth-nginx-module,1,1,1,1,1,1,1,103,1,1.3
nanopb,nanopb,1,1,1,1,1,1,1,1429,1,0.204950495
laverdet,isolated-vm,0.01538461538,1,1,1,1,1,1,638,1,1.3
facebookincubator,mvfst,0.001776198934,0,0,1,1,1,1,8200,1,0.3384615385
canarymail,mailcore2,1,1,1,1,1,1,1,1532,1,0.8
libexif,exif,0.25,1,1,1,1,1,1,523,1,0.3588235294
mintty,mintty,0.0078125,0,1,1,1,1,1,3115,1,0.6333333333
mity,md4c,1,1,1,1,1,1,1,669,1,0.425
sqlcipher,sqlcipher,1,1,1,1,1,1,1,812,1,0.5
redis,hiredis,1,1,1,1,1,1,1,915,1,0.3588235294
skalenetwork,sgxwallet,0.001373626374,0,0,1,1,1,1,1943,1,1.3
latchset,mod_auth_mellon,1,1,1,1,1,1,1,434,1,0.3454545455
libjxl,libjxl,0.04761904762,1,1,1,1,1,1,2849,1,0.3303030303
wez,atomicparsley,0.0625,1,1,1,1,1,1,183,1,0.5
opencryptoki,opencryptoki,0.5,1,1,1,1,1,1,6780,1,0.5
owntone,owntone-server,0.3333333333,1,1,1,1,1,1,6290,1,0.3714285714
qt,qtbase,0.002688172043,0,1,1,1,1,1,68745,1,0.3666666667
babelouest,ulfius,0.2,1,1,1,1,1,1,1310,1,0.4666666667
latchset,tang,0.1428571429,1,1,1,1,1,1,234,1,0.3625
cloudendpoints,esp,0.2,1,1,1,1,1,1,1031,1,0.4
puma,puma,0.02272727273,1,1,1,1,1,1,3588,1,1.3
reddit,snudown,1,1,1,1,1,1,1,289,1,0.2028571429
wireapp,wire-avs,0.25,1,1,1,1,1,1,541,1,0.204950495
zyantific,zydis,0.009708737864,0,1,1,1,1,1,1086,1,1.3
ArtifexSoftware,mupdf,1,1,1,1,1,1,1,11361,1,1.3
OpenRC,openrc,0.1111111111,1,1,1,1,1,1,3632,1,1.3
opencontainers,runc,0.01449275362,1,1,1,1,1,1,4490,1,0.3131578947
LoicMarechal,libMeshb,1,1,1,1,1,1,1,325,1,1.3
ruven,iipsrv,1,1,1,1,1,1,1,576,1,0.6333333333
openscad,openscad,0.00495049505,0,1,1,1,1,1,9204,1,0.3133333333
haproxy,haproxy,1,1,1,1,1,1,1,23759,1,0.3909090909
strukturag,libde265,0.03846153846,1,1,1,1,1,1,2012,1,1.3
tildearrow,furnace,0.5,1,1,1,1,1,1,8527,1,0
vgropp,bwm-ng,0.05882352941,1,1,1,1,1,1,163,1,0
libxmljs,libxmljs,0.3333333333,1,1,1,1,1,1,627,1,0
Venemo,node-lmdb,0.125,1,1,1,1,1,1,332,1,0
TryGhost,node-sqlite3,0.2,1,1,1,1,1,1,1213,1,0
liyansong2018,elfspirit,0.05882352941,1,1,1,1,1,1,144,1,0
stefanberger,swtpm,1,1,1,1,1,1,1,1681,1,0
foxcpp,maddy,0.04545454545,1,1,1,1,1,1,1427,1,0
ultravnc,UltraVNC,0.0303030303,1,1,1,1,1,1,1548,1,0
drogonframework,drogon,0.2,1,1,1,1,1,1,1616,1,0
sprinfall,webcc,0.2,1,1,1,1,1,1,399,1,0
ClusterLabs,booth,0.07142857143,1,1,1,1,1,1,1294,1,0
open62541,open62541,0.06666666667,1,1,1,1,1,1,10165,1,0
umlaeute,v4l2loopback,0.1666666667,1,1,1,1,1,1,898,1,0
swaywm,swaylock,0.0625,1,1,1,1,1,1,303,1,0
containers,crun,0.1,1,1,1,1,1,1,2481,1,0
ckolivas,lrzip,1,1,1,1,1,1,1,905,1,0
scylladb,scylladb,0.002857142857,0,1,1,1,1,1,41610,1,0
coreboot,coreboot,0.00495049505,0,1,1,1,1,1,58560,1,0
ambiot,amb1_sdk,1,1,1,1,1,1,1,39,1,0
piastry,cifs-utils,1,1,1,1,1,1,1,584,1,0
litespeedtech,lsquic,1,1,1,1,1,1,1,466,1,0
AttorneyOnline,akashi,0.01315789474,1,1,1,1,1,1,759,1,0
fwupd,fwupd,1,1,1,1,1,1,1,33526,1,0
fwdillema,totd,0.3333333333,1,1,1,1,1,1,8,1,0
tensorflow,tflite-micro,0.01333333333,1,1,1,1,1,1,1654,1,0
landfillbaby,png2webp,0.09090909091,1,1,1,1,1,1,201,1,0
JonMagon,KDiskMark,1,1,1,1,1,1,1,393,1,0
