cve,repo,commit_id
CVE-2018-19289,xCss@@Valine,61d7a766aebd07e1ff8e63dcb268bf4f6807554b
CVE-2018-19289,xCss@@Valine,d66cb29f1545032be55a47248c0373d0c14bc946
CVE-2018-19289,xCss@@Valine,0f6ab6328f0f8658332b717ba551391b419a4d92
CVE-2018-19289,xCss@@Valine,e775457e7a68b8401b1e19bfb94eebe2ce1f53c7
CVE-2018-19289,xCss@@Valine,29442505db2bc0ae931efbd4c89ac7c941a58bf1
CVE-2018-19289,xCss@@Valine,144d18632623c082264cf53971dcc9526e21926a
CVE-2018-19289,xCss@@Valine,4526b14f9eef0802aeea9f04aaf5b9b59a362579
CVE-2018-19289,xCss@@Valine,beeaeecc7959ea28032ca4625b796ead71c9e992
CVE-2018-19289,xCss@@Valine,5391e1f66d14f10b3012da0b95e2876903516d2b
CVE-2018-19289,xCss@@Valine,8759516ac1985b45c4554c046c430e0c05b00741
CVE-2018-19289,xCss@@Valine,7718f4e1a8c2b7214185758a87978a88c3002c4c
CVE-2018-19289,xCss@@Valine,380666d424891d485efce2aced82f943bf5ad4cb
CVE-2018-19289,xCss@@Valine,a13bb5f1d95e0c84cf405f8ddcac0ef5f266a0aa
CVE-2018-19289,xCss@@Valine,5ab85ea73d7d9937abc7c0d0c75291798178d680
CVE-2018-19289,xCss@@Valine,dd252016ee36e27d3eb1fef7bfab7a2bb179191e
CVE-2018-19289,xCss@@Valine,1ff57588729207803563ea21bce7e1927c81d770
CVE-2018-19289,xCss@@Valine,9779fb370b187a329c1f347b48bbe3ab7527eb66
CVE-2018-19289,xCss@@Valine,35a910ff40fd942d67e38d88db24368a6beece7c
CVE-2018-19289,xCss@@Valine,624ca39a373726436c55abf1393f56554de76778
CVE-2018-19289,xCss@@Valine,64b47cc919818b65246817b9c51fdaaf8e9c06fd
CVE-2018-19289,xCss@@Valine,94d7b5b1b3eafec2a900beea722171b26249b90e
CVE-2018-19289,xCss@@Valine,8307519db636523233c2eb2032d2ad18f851a9c7
CVE-2018-19289,xCss@@Valine,af0cff3c7306589577b9aa6c8dae76f945d18a9f
CVE-2018-19289,xCss@@Valine,2392c7c75e2aad7568f9190125bf3c514001cbfb
CVE-2018-19289,xCss@@Valine,d450a940ff7e329723ab47701d13dd48e925e4fb
CVE-2018-19289,xCss@@Valine,5c3f6d7fb29d79d6a67106cca3783e0505591c9b
CVE-2018-19289,xCss@@Valine,f7b718bb60f691de30eb6ff0c5cd3ab4a441999a
CVE-2018-19289,xCss@@Valine,c35cc4c13c1a9fd23100f895d1ebe78e4ec0f94e
CVE-2018-19289,xCss@@Valine,5aeb8a5a777aabc3c60eaa4e82c4959ef8c26329
CVE-2018-19289,xCss@@Valine,b3cc3aaa14bba04e922471cae91700cf552d530b
CVE-2018-19289,xCss@@Valine,36bb7ffb9e2b7bb253b957378ff83b4f5a223d3c
CVE-2018-19289,xCss@@Valine,d78ba8b9a2aaf8761bcf3d4d4b6f7906eff88135
CVE-2018-19289,xCss@@Valine,1c39364e5d3716d26b89aa0248c356e12259a1ed
CVE-2018-19289,xCss@@Valine,4cb250cb552c4dcee47db8f398f7cd04917043f2
CVE-2018-19289,xCss@@Valine,8d2aeb5bf459753e119938de3e7dd3639117f64c
CVE-2018-19289,xCss@@Valine,add374dfda34988e5d1a1f007ccc3516ec8440b6
CVE-2018-19289,xCss@@Valine,47667f94b3522da0ecfb4977b03c30b5df9bec50
CVE-2018-19289,xCss@@Valine,71dd5cccffc6049e91e74175a46852d02a55631f
CVE-2018-19289,xCss@@Valine,f7ed52b8152f8b91169459e9a19779dcf580a703
CVE-2018-19289,xCss@@Valine,4e4693a358a9d4a16ca5c7b8e962d7f281590bd8
CVE-2018-19289,xCss@@Valine,9164a982a6e6ff6e694981de7468cc8d9b6fb667
CVE-2018-19289,xCss@@Valine,74c47ce2938ee5d7861daf7a2b4a94fe188641a6
CVE-2018-19289,xCss@@Valine,c76569967d2b4f9988c81d0df0a0fba682b9ea62
CVE-2018-19289,xCss@@Valine,cfad9c84ec7789645729176d67a0c1f75d3b8cf0
CVE-2018-19289,xCss@@Valine,0f1ad539f2aa4bb77212b408a3f56ab99c902b5f
CVE-2018-19289,xCss@@Valine,424198f436b8862ca96ae76f62522d27c1bd87e0
CVE-2018-19289,xCss@@Valine,c40826c5816c98d797a6b1ed8b62bddf73ed4f65
CVE-2018-19289,xCss@@Valine,3a5bfafd22a11e7114bf9ae3b0b60ae50aa685a9
CVE-2018-19289,xCss@@Valine,d113b376d1f9538f3ceda89dd7d552a528a32602
CVE-2018-19289,xCss@@Valine,a3c52f19460c8a6a28ffcf54108d65b7b2055cc0
CVE-2018-19289,xCss@@Valine,090b988c415d8f334e8a9261f0206a9128112f55
CVE-2018-19289,xCss@@Valine,b1dfbf7d2715155386f4ac5a60c97f0eb5cbec4d
CVE-2018-19289,xCss@@Valine,472a72f28ca9535c7e47551a13c1d45bb61429ea
CVE-2018-19289,xCss@@Valine,4b71fb81c7f6b95b505c3a0e2b1236ba8db8460d
CVE-2018-19289,xCss@@Valine,b653c08491e736ea979c654b635bee3850a0a41b
CVE-2018-19289,xCss@@Valine,c89a4e1303814095eff6c925bdda0118477c1bea
CVE-2018-19289,xCss@@Valine,baa56be68302e3fa278c259a1b81f9325a77cd35
CVE-2018-19289,xCss@@Valine,0d8ce67ee2a07e8aafde0f13679bca6b2cac8dbc
CVE-2018-19289,xCss@@Valine,3494e900d013216c5ae57e2c9950cf0202111d2e
CVE-2018-19289,xCss@@Valine,a5b6dc631093d2852f696ff47f23f43010ca9b18
CVE-2018-19289,xCss@@Valine,66560710803cee7b5db10bfdec512a481afa0203
CVE-2018-19289,xCss@@Valine,7f5ebb69efa9666d0934d26c86eb4b4aa741547f
CVE-2018-19289,xCss@@Valine,9cb817e960a4b4ab464f1cae06e216e8b9898047
CVE-2018-19289,xCss@@Valine,f6824229845ebc0861e6f9762f9f48ded83495b7
CVE-2018-19289,xCss@@Valine,a77d0c00cc2e64e659734973e221430005416e67
CVE-2018-19289,xCss@@Valine,82e68d9d289c0904f5a7c7f9d8f0c5d2cee8fdcb
CVE-2018-19289,xCss@@Valine,641bb12d6f357496384b905531fad562e4a89b2a
CVE-2018-19289,xCss@@Valine,ec306f0636fca9372ebba49702e7d0f6d1f64271
CVE-2018-19289,xCss@@Valine,3edc8a6a1c96c54a3a9f102bde3f1b8b856b4f42
CVE-2018-19289,xCss@@Valine,429dbc35246432c68209180db89f0a4dbca1d2b3
CVE-2018-19289,xCss@@Valine,0cf82017f3678fdbb258056f365d46c4885e3193
CVE-2018-19289,xCss@@Valine,948bf9422f20e4c4b09570ec82cc25ae7cceb6f0
CVE-2018-19289,xCss@@Valine,7c20e08b0f75ace16ae1a20225615c8fe98e0e36
CVE-2018-19289,xCss@@Valine,74a16ace138062553e34f06cb93e8f6509daa7b8
CVE-2018-19289,xCss@@Valine,e817c8586cabe8d974912231b1eabbce0bc82304
CVE-2018-19289,xCss@@Valine,01211c04977fb043ce1a4cc18610914494fbaf51
CVE-2018-19289,xCss@@Valine,0e411e25f57a87b84212cd700dc2bc20bb79cc8c
CVE-2018-19289,xCss@@Valine,c624e1130275cd6ff0e1a859db575085e70b9c46
CVE-2018-19289,xCss@@Valine,e91e714169059b06ca4144abfab94feff08642b5
CVE-2018-19289,xCss@@Valine,b7abc36dcdcdc74b22d877c5ec189468668c2027
CVE-2018-19289,xCss@@Valine,033666ab68bcc0e2a37c2b977b679912c1053cec
CVE-2018-19289,xCss@@Valine,6dd97ad7b04ea740c1448eb1c4e3811d1bbf2a2a
CVE-2018-19289,xCss@@Valine,dd73fc09d83631d28052734e15080016e2884c92
CVE-2018-19289,xCss@@Valine,16b1afae5a6d8d6db30c83a3e7d06867668c4ea4
CVE-2018-19289,xCss@@Valine,5f3e22024de58a79f437c6ac908a44edca9c3d2c
CVE-2018-19289,xCss@@Valine,87b5f5b6a40d1c065476046af43d1dcafdd090e9
CVE-2018-19289,xCss@@Valine,98c7ed04bd8f3413483326533f19f9adb57e6019
CVE-2018-19289,xCss@@Valine,1354dd90751f170f7ebd56c98e06384d29f775d2
CVE-2018-19289,xCss@@Valine,78a0296eb9f634b566f14ce79d7f159395973417
CVE-2018-19289,xCss@@Valine,ed22d2e1f7d900b7d8b3afab8eb0cf91d5d7dff3
CVE-2018-19289,xCss@@Valine,8777cc2320f717cec79b8a43791c636c601784eb
CVE-2018-19289,xCss@@Valine,04ed9f324f3e0b6920ec9eaddbcd6515d1ee2142
CVE-2018-19289,xCss@@Valine,17f12eba495fe70a05c5a39f9cfab6816a1dcd35
CVE-2018-19289,xCss@@Valine,2ff331658f09c438140e28c8f7aa79b120690970
CVE-2018-19289,xCss@@Valine,87da8204db50194c338f6929166f80f41ca87222
CVE-2018-19289,xCss@@Valine,53f640bfa92e9d6be5fbd1abfb7e0b2011d91995
CVE-2018-19289,xCss@@Valine,61382372c733e8539bb1821ce3de835690434e17
CVE-2018-19289,xCss@@Valine,94c51d5f5a8042cc7d11711891ef969479f2be59
CVE-2018-19289,xCss@@Valine,48c93e8e0778c84e5ce77463bf69c4fc31593144
CVE-2018-19289,xCss@@Valine,fea03e1757f4970bf400441e123d711e7713d25c
CVE-2018-19289,xCss@@Valine,55bad15ae0bbaa012fd5c6cdc1ba5437cc101222
CVE-2018-19289,xCss@@Valine,f1dd3c79858ca92d4a7cfb1f8f00ff50eb88145f
CVE-2018-19289,xCss@@Valine,281c89f995de9ee97503352bef87c50feb75dca6
CVE-2018-19289,xCss@@Valine,9055087864c4e206a33bbd28caa01b30fc9647ad
CVE-2018-19289,xCss@@Valine,b66cef60644e33db9e0e52f7e881f5d91dfcc820
CVE-2018-19289,xCss@@Valine,ffd973ed49500970aca27fb5b30a686356627c94
CVE-2018-19289,xCss@@Valine,a8afd66560c019ee4a3372163d3838200bb17d74
CVE-2018-19289,xCss@@Valine,8b88a26d2aee7e23e2612c11467cc73a819db219
CVE-2018-19289,xCss@@Valine,750021498c86fa628cd1b8846413881d1174346e
CVE-2018-19289,xCss@@Valine,7d0746c6676efdb97fa3a8fefd1753033ce55425
CVE-2018-19289,xCss@@Valine,fa595e4f7832e53f2359355b995c6166bc3c06e1
CVE-2018-19289,xCss@@Valine,f0902121efc5af21eddc1656673ebaaf81db35aa
CVE-2018-19289,xCss@@Valine,183f57011cbf25305c871591e8c9bbbf6bf762b3
CVE-2018-19289,xCss@@Valine,1fdfaad8edf98ea4828d80b27fd7d4eba59105e4
CVE-2018-19289,xCss@@Valine,02925c14a7e41443293a16d47fd31dde126dabdd
CVE-2018-19289,xCss@@Valine,492700c436c94330acacf0db9358b9b21b54b700
CVE-2018-19289,xCss@@Valine,b8d4708d1fd84d0850254064dd029b04a22b1065
CVE-2018-19289,xCss@@Valine,04468ed1c444075cda978dfe36f53ae258542f46
CVE-2018-19289,xCss@@Valine,f1feafff6303abd5c778fb525429ded867048c84
CVE-2018-19289,xCss@@Valine,0378df02100d987c086afdca3b6459a09e064928
CVE-2018-19289,xCss@@Valine,13a92a5977a2061ba77dbeda999e6a817bbb93eb
CVE-2018-19289,xCss@@Valine,3232ab4cf84e12b74541a918356107230ae899e4
CVE-2018-19289,xCss@@Valine,46018acef7aa1e4a3b44bc12459696cf7e257d56
CVE-2018-19289,xCss@@Valine,44d4576c1d00fa3ff884883d567210c4525fb991
CVE-2018-19289,xCss@@Valine,0fcfd968338ef46d86f957b0285432c23ec027d4
CVE-2018-19289,xCss@@Valine,9fc0f9d22780e9ec7be2ded27045d9bffbd191d0
CVE-2018-19289,xCss@@Valine,3f82580026af9297d239a5b50cab4acf98d05895
CVE-2018-19289,xCss@@Valine,686b76f0de2bb55f4b4582187a06925ca9939714
CVE-2018-19289,xCss@@Valine,2a16e821387af6b6dfb4817ef99cdccd1862d046
CVE-2018-19289,xCss@@Valine,b156609454029f406ef141e60e83617d16afb9b8
CVE-2018-19289,xCss@@Valine,7c58aa26232835b0a3a44c9b2086817c6a9194c6
CVE-2018-19289,xCss@@Valine,2493c8bc61f294ed0ab168fd20ef6ae1f16ddf92
CVE-2018-19289,xCss@@Valine,6870e844d70341d4a01d9f5ccc2e33b1004a38f9
CVE-2018-19289,xCss@@Valine,c2c2a7cd4bc1a0eecbf8368308529f56525b3352
CVE-2018-19289,xCss@@Valine,8062c94a0e178c6527460e4516d0e2816f672337
CVE-2018-19289,xCss@@Valine,ab51c31c57e9cc0025cb03e0a80ab4b11f2345c6
CVE-2018-19289,xCss@@Valine,690dc3302f01ca970bf22d928bce60dbfee5e963
CVE-2018-19289,xCss@@Valine,b5619104952a5e8c3d0183812209ce9ae40caa23
CVE-2018-19289,xCss@@Valine,a7f4a3e9235417112891399335bdb992c4f5c7d1
CVE-2018-19289,xCss@@Valine,8f6732f4321d93d527d410b721a94f9249207f8e
CVE-2018-19289,xCss@@Valine,4c6aa0b89ce8dc0d4643fd145dba1d222d4fa344
CVE-2018-19289,xCss@@Valine,b6ee70f9f69410a4475436b4447c367568bb276b
CVE-2018-19289,xCss@@Valine,75b028cad73a0fcd02d265bf29024c817f5e5afd
CVE-2018-19289,xCss@@Valine,142aa78b0a0ce7683a00a1f343ac45ee0dd66747
CVE-2018-19289,xCss@@Valine,0c923f57ef1753a88604b8e558d15ba57723781d
CVE-2018-19289,xCss@@Valine,56b3cabfcf80818cb6ae27ca54ada37ea1b51edf
CVE-2018-19289,xCss@@Valine,f3413130c826446612fe6c208ae71a55320c5bb5
CVE-2018-19289,xCss@@Valine,68d1842bbd7008ae10677b8afcd303bfefb1a80e
CVE-2018-19289,xCss@@Valine,5746f870d2c68212d1084e8ba9cd2ece3deca31d
CVE-2018-19289,xCss@@Valine,e7618a9d7e2c4f6b325c0815c611899602269104
CVE-2018-19289,xCss@@Valine,a60e9a3d69e313375c02b3f84a8e20194a6e6d5a
CVE-2018-19289,xCss@@Valine,d756b40e0a58d583eaaf2a8d1df605c001645228
CVE-2018-19289,xCss@@Valine,6812ad04239117cd822feb3884598b6b5e9afc91
CVE-2018-19289,xCss@@Valine,07993ff5ca214c3ed0139fb96e93b805ce2f20f9
CVE-2018-19289,xCss@@Valine,369037e545e36ecee96045f618f4dd87245eb92b
CVE-2018-19289,xCss@@Valine,fad1d9f4d2e183fd45997cbd920851147a620468
CVE-2018-19289,xCss@@Valine,93c547757826dc628e204dfe73a8e8c782dfd524
CVE-2018-19289,xCss@@Valine,97b9c20a43e81eebeb8a5bbc6366b73453a22b34
CVE-2018-19289,xCss@@Valine,a7fb083aa44a064cbc7ca8bb716cacaab5e65008
CVE-2018-19289,xCss@@Valine,1bedaa51db5674d1b6781d0e09ff54abcabba084
CVE-2018-19289,xCss@@Valine,7ed6d0ee50d2911ae039541901aeb7888e7866db
CVE-2018-19289,xCss@@Valine,a1e537501e501045c2fcb6667bb23a1aef35c492
CVE-2018-19289,xCss@@Valine,71eb4e59ec999a37673dff8bd855a7e2c812ce52
CVE-2018-19289,xCss@@Valine,6ddf2ae995d4018332f2feb67a0d62a07aca37ae
CVE-2018-19289,xCss@@Valine,76a5cf780a07bdc78b1c08db98990f17ae3951ec
CVE-2018-19289,xCss@@Valine,d5137aa623de556dc994263f22aeea6d19be0437
CVE-2018-19289,xCss@@Valine,836473be7f05e8b002cf74b0070a06d8965fdfed
CVE-2018-19289,xCss@@Valine,736fd653cd616c47dadd9a19c676e0c16e0f7324
CVE-2018-19289,xCss@@Valine,2529c49b26040280609dc5e2f737aa5d25be34c7
CVE-2018-19289,xCss@@Valine,9876cdd26e68dd213414c4396530ec144b6f3c84
CVE-2018-19289,xCss@@Valine,58d1ec809d2a35f22410121f2153578e4d48e078
CVE-2018-19289,xCss@@Valine,9889dcd7df3118680ef172d34e5cdede7d7cc4eb
CVE-2018-19289,xCss@@Valine,9e9fc7646d2faae43a56c771d4d52288611624c6
CVE-2018-19289,xCss@@Valine,68a8023f24e3bf4fccec0e3ac5e315b8ae0fa6e5
CVE-2018-19289,xCss@@Valine,c3c200cf42ab2518188530759506fc0326a0bce9
CVE-2018-19289,xCss@@Valine,e98158a65a34b4f5ad15febfb5bdf6c8c0778e39
CVE-2018-19289,xCss@@Valine,d9aa0d0c4258f2d17d6c2b08481559935e8fa4c7
CVE-2018-19289,xCss@@Valine,aa8ed3376e00b084a19a5276a113f43e740d04ab
CVE-2018-19289,xCss@@Valine,45c1a5735e68307e4f723d070a4ec30c8ff599b1
CVE-2018-19289,xCss@@Valine,13c9c904a7f2dcee0e0f7ada4a277938f1b48fca
CVE-2018-19289,xCss@@Valine,c1ab4f9939a77395f53fd341d56eb6fe89cde1e2
CVE-2018-19289,xCss@@Valine,da526f2276b6b1fe72e9b589fb17ca9cddf07479
CVE-2018-19289,xCss@@Valine,e54363b5817f06d751ca9c2a88f89b103c27458e
CVE-2018-19289,xCss@@Valine,581d977c551b5422c46f7558cbd1127caa19c88a
CVE-2018-19289,xCss@@Valine,46c923a95b18a9e53781aa3c25462d840be3978d
CVE-2018-19289,xCss@@Valine,be87148b69edc56e929c99ac2e72c12a1928b3a5
CVE-2018-19289,xCss@@Valine,a7cf3f72f62d12cb0e823610fd31899c4d6e3a2d
CVE-2018-19289,xCss@@Valine,64ee2917eb0773a904fbe4db92ad06ad7e12c291
CVE-2018-19289,xCss@@Valine,143434db6ed47b532ed61c157743271f3723f53a
CVE-2018-19289,xCss@@Valine,f61ef171a6c12eec2152381f957c805d01c8b09f
CVE-2018-19289,xCss@@Valine,7b74da58848acaa2efb9e6544ba09dd03f847d37
CVE-2018-19289,xCss@@Valine,650ce964bfa5509b84426a2f85fe3c3b89d31046
CVE-2018-19289,xCss@@Valine,18bfb1e5df086d26c10b8df483cbee9a87fb28f0
CVE-2018-19289,xCss@@Valine,ec445609722085f4dc59c333dbaa2b8b45c329c5
CVE-2018-19289,xCss@@Valine,8193bac6b50d0f78a6f5556824faa8698a9b5b57
CVE-2018-19289,xCss@@Valine,99003289cdde552bdabdab76717ed95cfbab94f2
CVE-2018-19289,xCss@@Valine,41fcc6bee7680f9c4f6fb414953e67f0c2c6d60a
CVE-2018-19289,xCss@@Valine,03e4407ef5fb3b87cd6fc2b02b34e79de8cde803
CVE-2018-19289,xCss@@Valine,6da4eaee9ef1d02d930f95f583d94270c8944089
CVE-2018-19289,xCss@@Valine,ae38c99357e9567bc6af37b927512c5e8c424e17
CVE-2018-19289,xCss@@Valine,df08faf5f9011ebd9666a8e1ef517dbf6441b699
CVE-2018-19289,xCss@@Valine,98a555e2f5100d528d83dfeb4c55544e0cc91a03
CVE-2018-19289,xCss@@Valine,6f381ecb00bf039cf62a8ec4b7278bf8d9bbc038
CVE-2018-19289,xCss@@Valine,7bfdccf719cd1489643939d8d7827dc00a373c9d
CVE-2018-19289,xCss@@Valine,723c4c674c6ae14bae82b868489a44a52dcbb392
CVE-2018-19289,xCss@@Valine,53976d14b0d16c53c3d02ee38b356e538006b70b
CVE-2018-19289,xCss@@Valine,557cc2e313c1646bcd221439ca700651d9b576f7
CVE-2018-19289,xCss@@Valine,c2f45a7b84a70bf69feeba891401979ef5c8114e
CVE-2018-19289,xCss@@Valine,a670b1ebe60eb991e824485d04fb671c9f46b9b3
CVE-2018-19289,xCss@@Valine,0ec1131f0803474b121cc813cafc1f44db3cae26
CVE-2018-19289,xCss@@Valine,733f18b6e1ff06b2631cb6b39576c92bdf7f260f
CVE-2018-19289,xCss@@Valine,9778b0a16b39aa56e60f40e4a34e050135a9ef02
CVE-2018-19289,xCss@@Valine,c53cd1b848f604db0cf80a137de58bbcbafd89d4
CVE-2018-19289,xCss@@Valine,ef8fa81036f4c6ae7c461bf3113d012f86c04bc1
CVE-2018-19289,xCss@@Valine,cfce7cfd3af2f88f3b632a34d710bebd40f968de
CVE-2018-19289,xCss@@Valine,fc3a41651b661a90f37f5f504e5d7ff959bd62a4
CVE-2018-19289,xCss@@Valine,ba283492bece01ae034a86fbf4c843b0d03faa95
CVE-2018-19289,xCss@@Valine,07e4ea6b532479ef672c8233ecf442f8603b3c47
CVE-2018-19289,xCss@@Valine,5ad7528464d58c040c8a4c47e436ec6fa55f37d8
CVE-2018-19289,xCss@@Valine,4b70c48b11ce779dd43b1e22d98615ffded14894
CVE-2018-19289,xCss@@Valine,9e03d73eda9ba228bd4631c50021acc749532e6e
CVE-2018-19289,xCss@@Valine,879bb3de9cf6a5709a13544a95a4c0c7ac064002
CVE-2018-19289,xCss@@Valine,f28771ebbf048bbf3fda41c19741f29bc3666701
CVE-2018-19289,xCss@@Valine,7673607ea542108185918612cb15b2c28b7ea77d
CVE-2018-19289,xCss@@Valine,1583809dfc4a3d41ff6e32c339daa281f5517061
CVE-2018-19289,xCss@@Valine,7cfc4213083a728cb6d5fbfa45d51aa2fe0a6429
CVE-2018-19289,xCss@@Valine,5906efca7072383691267ceee454a89e31f4d35c
CVE-2018-19289,xCss@@Valine,ac595b3178001cb94c9e7b07390ca02d8f7de7b1
CVE-2018-19289,xCss@@Valine,9c1f43abce5305295b78beaba36bfad947697843
CVE-2018-19289,xCss@@Valine,80b708c75f8c4c1d5413a9b256894a7ee417af3f
CVE-2018-19289,xCss@@Valine,057ef1ced02af751e1568ded28397703b2964437
CVE-2018-19289,xCss@@Valine,054b6cfb44c85da5bd3a2cc92955964f55153219
CVE-2018-19289,xCss@@Valine,3b7ff2a334042019bd301feb6ea16923346573ea
CVE-2018-19289,xCss@@Valine,fa5b2c8ec23dbb70a48cb6b6b9690a94bbd3a2c3
CVE-2018-19289,xCss@@Valine,5ab675e28cd438c3f3b90d33faa442727211f3c3
CVE-2018-19289,xCss@@Valine,0c399463b7fef99149eaddda8533fd5ee1064398
CVE-2018-19289,xCss@@Valine,8e2ed4256c2822a95e333d4cecf081711063dd16
CVE-2018-19289,xCss@@Valine,ed7c453d21c0b4d012f6e5a4b4aae35c9c86c721
CVE-2018-19289,xCss@@Valine,d96a11d7c7543d077618605e20cc756b73a4ab09
CVE-2018-19289,xCss@@Valine,ac119488fc9c920498ccd613a0463e12b0c84554
CVE-2018-19289,xCss@@Valine,768c63bce2e295cb23c56a371102070b3cc9dd91
CVE-2018-19289,xCss@@Valine,2a9319088e942e3623e7cc888b7ce4194ae25c4c
CVE-2018-19289,xCss@@Valine,58e49b4c20932055a7f6c0243b3e0342a8ee6f77
CVE-2018-19289,xCss@@Valine,a7a77d6c6e91c8dc08540d99bcb60a6aecdb7587
CVE-2018-19289,xCss@@Valine,44bb7c5647f16e6058c27e8b29d3d31b03c97766
CVE-2018-19289,xCss@@Valine,62f5ff7b0222d4ddeb0b08bb8b03c70c863c6fcc
CVE-2018-19289,xCss@@Valine,46deca230b2c826ca4a283b3656312ad90a9ce19
CVE-2018-19289,xCss@@Valine,8e19d20575d18e7fe20d981473ea32aa5a9fe06e
CVE-2018-19289,xCss@@Valine,a9d7761e62a0a19e70e9a960d7877c2429876f84
CVE-2018-19289,xCss@@Valine,16eb10fb790fa2f958a3f03ddb387604883cb6bc
CVE-2018-19289,xCss@@Valine,b8b536ad4fd246f490376ca2c9f01750f358363e
CVE-2018-19289,xCss@@Valine,32fa475416d2d6b9d9433c5e8dbea9c27a36e67d
CVE-2018-19289,xCss@@Valine,e1fb38559efa085866f531b473f4050001b97b83
CVE-2018-19289,xCss@@Valine,c0995db4aedb3509fb2ad339f6f2e8bf55f250a5
CVE-2018-19289,xCss@@Valine,7ca56c32a28b45441c2b0f443aa88b5a9f571b80
CVE-2018-19289,xCss@@Valine,84312e1026279611e75187609a19620637eb5d01
CVE-2018-19289,xCss@@Valine,41dc7bad48320bdbbf44808efa25d9497d6510b4
CVE-2018-19289,xCss@@Valine,40f32f7c9462338f1d647c507d36e30e4aab778e
CVE-2018-19289,xCss@@Valine,8e298957356c7f870f7b14f51f99239a70be8b71
CVE-2018-19289,xCss@@Valine,13785c22898231cf38c6f9e7ddcaf54dcf056d5c
CVE-2018-19289,xCss@@Valine,51784bb4d0e3df70db46840a128e4e822eb62086
CVE-2018-19289,xCss@@Valine,91691200794f04ccfa3e05f6648f94c9fe485d61
CVE-2018-19289,xCss@@Valine,d18f22db2fd91abca439a7e435153bd3c64c2e1d
CVE-2018-19289,xCss@@Valine,0a09e980e1b30b546d170b641d2baa48652c525e
CVE-2018-19289,xCss@@Valine,9dec6a422a684868d68c71d6d1a8ec122026c4ba
CVE-2018-19289,xCss@@Valine,b2498683d78d2e26c1b8df74a72ecabe422893bb
CVE-2018-19289,xCss@@Valine,73abdd083115b85399ecdd635eeaeec94914fae0
CVE-2018-19289,xCss@@Valine,e3d76795e6724814b0d63188fc751e134fc61dda
CVE-2018-19289,xCss@@Valine,5c1c26b66dc50276cbea72419d141332e30c3371
CVE-2018-19289,xCss@@Valine,f9a0659fe8a0edfb724a1a2bc161fe358d188103
CVE-2018-19289,xCss@@Valine,42436b56709abf089269757f75d8dc40645a961f
CVE-2018-19289,xCss@@Valine,d26522f509623fdd1c92cb386d0a9492bdd20778
CVE-2018-19289,xCss@@Valine,6d783b665056287773ce66beafecd855162ae603
CVE-2018-19289,xCss@@Valine,7c5c04d8c3ec7cf545272ed585af38b5ef9a82a9
CVE-2018-19289,xCss@@Valine,e41f6c04fa3b46730476b25b7e1aab80d002368d
CVE-2018-19289,xCss@@Valine,c69c08696e307b2026968ede8f1546b87a59d064
CVE-2018-19289,xCss@@Valine,27b6fef623b35a569939e446b488ba85c5d0c497
CVE-2018-19289,xCss@@Valine,586ba8d6c2e96768d9e621157695a77545e736fe
CVE-2018-19289,xCss@@Valine,b912af24370c94be9c01c08a353bd9801db6dc77
CVE-2018-19289,xCss@@Valine,3583318791d5caff0cb0c06d1cdafa533f9188a7
CVE-2018-19289,xCss@@Valine,24f6ddd1504a39a8ccb8b047eee6579405dbdf08
CVE-2018-19289,xCss@@Valine,7ff5f8bd38998aa09506f09dd4a8f7b881f8673f
CVE-2018-19289,xCss@@Valine,88291639190c941ee547eb2932110357211c5c99
CVE-2018-19289,xCss@@Valine,d867601f058ce9b893793450433a6103b2c78aff
CVE-2018-19289,xCss@@Valine,569c5ea95daa12624200b143c3ae4620305c5711
CVE-2018-19289,xCss@@Valine,36bcd9be040328425bb75af76cbe9717cb7afb28
CVE-2018-19289,xCss@@Valine,c27b4e90264db1ea32ec78524616a230507d64a8
CVE-2018-19289,xCss@@Valine,e7073971b9e3c09cd6b2b6c5d60356953e456ad4
CVE-2018-19289,xCss@@Valine,7968705645c722abc1c936ea2c0b7a870a331fb2
CVE-2018-19289,xCss@@Valine,a0d23d10b143736c2b19b317475f8ccfb3704a6e
CVE-2018-19289,xCss@@Valine,9d7ac98fac3df4ecee3a017363cef6b0ad1c73b2
CVE-2018-19289,xCss@@Valine,370b1b40f3ab6195fcb87b44f4fc6fcf1ace39b6
CVE-2018-19289,xCss@@Valine,e0ecab5d03826ba455052702ff86e98046fd8971
CVE-2018-19289,xCss@@Valine,a8b4b92c46e278f4310bc725b0d93e5a7f7c4355
CVE-2018-19289,xCss@@Valine,71dcdef75396405f9ee6cbdada0d8cbb012cc7f1
CVE-2018-19289,xCss@@Valine,c2fdc1864a616cc55f275d090f38795e75cc56e5
CVE-2018-19289,xCss@@Valine,a57685fac2ce20187f985d982bf9b80574f0e0db
CVE-2018-19289,xCss@@Valine,c3c7418ea81cd24e02b29ecaca92e37f2898eaab
CVE-2018-19289,xCss@@Valine,5ec8ba8bf3956c90e3d13caaf4b98cbf68c8342c
CVE-2018-19289,xCss@@Valine,fab90cc4f310c31b58260449f15d4e458f2048a0
CVE-2018-19289,xCss@@Valine,091342151204d2a1bb780b2cef7c3779afc7f896
CVE-2018-19289,xCss@@Valine,3abe522513da6d4cee4cbccd47641c568a93bf3a
CVE-2018-19289,xCss@@Valine,e3d5db2dfca07b18202b6989beef7f1922f21b90
CVE-2018-19289,xCss@@Valine,bfff5d5b4a17af8b5161cbdc604d57076db9a47f
CVE-2018-19289,xCss@@Valine,57c0babbc13767b38a497139784d68e92601b5b7
CVE-2018-19289,xCss@@Valine,0b21fccecce8c57799ae86198091022f39477517
CVE-2018-19289,xCss@@Valine,96ea8e16bcce879997371592fe610d0994bbc47d
CVE-2018-19289,xCss@@Valine,b8f62a1e4417a57f7968d2faa65412b4ca8d6166
CVE-2018-19289,xCss@@Valine,855f1e1046ee4e819021f3a3e17e690d39700bcd
CVE-2018-19289,xCss@@Valine,e79d671b76d255d83cfb8cafa3613c66198fdfec
CVE-2018-19289,xCss@@Valine,88cd4871a43ac0842b7f8aa9d00c4db4a34b03be
CVE-2018-19289,xCss@@Valine,a2290a646eef7b3e9cc2e20673950baf986953d8
CVE-2018-19289,xCss@@Valine,a70780d0cbe190a48a91b9f420a37cb4b4bcaa63
CVE-2018-19289,xCss@@Valine,206e4df42d719439d71217be8c90025a0342f289
CVE-2018-19289,xCss@@Valine,ab05b4e71619e670963da6747ad3137208fd0a9f
CVE-2018-19289,xCss@@Valine,3f8c96d9281b825b267b21f09ef1f3fe148a9503
CVE-2018-19289,xCss@@Valine,379c2bb560851d5656700bea44b82bbe0e54e398
CVE-2018-19289,xCss@@Valine,4426a9867d31cf6d87eb9b8cb06b415122442942
CVE-2018-19289,xCss@@Valine,445d2dda2888c702fcb72af8f6e80a1f26a6274f
CVE-2018-19289,xCss@@Valine,65357efd9a2d5e4da48de993d65e26a1d6224376
CVE-2018-19289,xCss@@Valine,876fb95f39759b52da1bda2a24bb38ca626e4d48
CVE-2018-19289,xCss@@Valine,01e95b1bafebbb9ac9b4c208156dacc78180d65a
CVE-2018-19289,xCss@@Valine,5272bb27687f53f94fc786a64fbc95ec56d3ec9b
CVE-2018-19289,xCss@@Valine,0249153cf4f9ca6c122879d8a603bd41477eb2a1
CVE-2018-19289,xCss@@Valine,5ef57572ae18cc52ee7ec1adb8f6e5518f4f4e34
CVE-2018-19289,xCss@@Valine,32b31777bf97b175f449744ae2aaac7adcdf6fb2
CVE-2018-19289,xCss@@Valine,96c47a488ca72cb4159f10dabcdea433ce6b963e
CVE-2018-19289,xCss@@Valine,0898f5fe12df72fc325a7c7df8d2a31a423901fa
CVE-2018-19289,xCss@@Valine,916abf4a1403b0ead58f9568a5cc36a3f4615bb8
CVE-2018-19289,xCss@@Valine,d47e7fe95f9a8059d0b1128b5155170152527f61
CVE-2018-19289,xCss@@Valine,d3a043cd4dd2e7735e49c752948fc0edbf33b684
CVE-2018-19289,xCss@@Valine,f7e42120acebcbddc9e94c9762199282864d48e3
CVE-2018-19289,xCss@@Valine,9d9392ba0599076220fdba870ea60a70fdd0cf5a
CVE-2018-19289,xCss@@Valine,47ee0a423287c7e1c5b7cbf0bf73c62cf2da135a
CVE-2018-19289,xCss@@Valine,ab2927540b40521ec826a2d9003faf06790bc65b
CVE-2018-19289,xCss@@Valine,1d7e605c7c10f530ed3812f0ea0cb9d67e33d938
CVE-2018-19289,xCss@@Valine,b8b0d60d6171493f56159ec514e1516f95cb445d
CVE-2018-19289,xCss@@Valine,643f775fe1fb25f8b2f60c61d216202bbe86bcc9
CVE-2018-19289,xCss@@Valine,a4c3d96b1492ed20a17a74162997309083014c74
CVE-2018-19289,xCss@@Valine,15a64c133e7baef1e8572a917483b7f5924187ae
CVE-2018-19289,xCss@@Valine,8ced693524ef1b82901122b7a6037b89917fc1aa
CVE-2018-19289,xCss@@Valine,035c6f9749a876b1001b49172d4df0030e2e707a
CVE-2018-19289,xCss@@Valine,af909074ced6d3e605154aea0cbfb4ad48c3e5d7
CVE-2018-19289,xCss@@Valine,224b860768bede0fb8105604d4c620001b3947d7
CVE-2018-19289,xCss@@Valine,6ca178754a8ec9ad33961c30af7e28f4c959ea36
CVE-2018-19289,xCss@@Valine,d14b24b039daf2f504c11230c40fb6560fe96fe5
CVE-2018-19289,xCss@@Valine,6cd4c1f991d07787fd3dbae07811050e2e227596
CVE-2018-19289,xCss@@Valine,7fb3bcb3c6edf0d5732214b0f1608ebad75726d2
CVE-2018-19289,xCss@@Valine,84efe0f22acc5a7c2702c91601e4f4fb3115f9b0
CVE-2018-19289,xCss@@Valine,9ef5fe78ce27d840336063c58c0cc61364f314ce
CVE-2018-19289,xCss@@Valine,256c934eeb43ff9499201850a538f1b93de3631e
CVE-2018-19289,xCss@@Valine,febc36b94d6a26dde283c1fb1cc9c3344cf6eaf1
CVE-2018-19289,xCss@@Valine,cec4f8ee772c3a7970a5568c6060cc3e897548a9
CVE-2018-19289,xCss@@Valine,ef91918dd70b6ba032a78c1d0d8cb2f0dd0d16a5
CVE-2018-19289,xCss@@Valine,fd1b2ecf8b0bfffe57da84f978053316c4d1897f
CVE-2018-19289,xCss@@Valine,6c6e7b621dab459ccaec0901dd2d635fa569917c
CVE-2018-19289,xCss@@Valine,f1b9639b0b1efcdbb023f4ae5872b6936bee6fd2
CVE-2018-19289,xCss@@Valine,9dabd2808603e08f72dacc64fae2fbf46f2a8bbb
CVE-2018-19289,xCss@@Valine,0bb3230f8e27539aa667b397f42bd49e57f270ae
CVE-2018-19289,xCss@@Valine,8f7aeeab9c8ff1255d3ca576026fbbf4702a860b
CVE-2018-19289,xCss@@Valine,92308faca56e725aa877906710ce9d35f1873bf8
CVE-2018-19289,xCss@@Valine,d70803ed8ca462695e5262a3a49bc5a0ffd36035
CVE-2018-19289,xCss@@Valine,576660064f92f72674ecd2212a39082ba4f08b78
CVE-2018-19289,xCss@@Valine,c833c8f47aa9aee0ec8c2af8e14bbee00b7d920d
CVE-2018-19289,xCss@@Valine,13f921812dda751b1b9c8b6213f1f9b6b8589d3d
CVE-2018-19289,xCss@@Valine,05623b1b6514fe199cf9f963852e4da14002aeb4
CVE-2018-19289,xCss@@Valine,788cb9def550d0db623a9d813cba00a97c0337d4
CVE-2018-19289,xCss@@Valine,bc19b69449c4a76b65e8e461c38fa255942d2a13
CVE-2018-19289,xCss@@Valine,d1b50b9502bc4604dea9954a34749f136d81237d
CVE-2018-19289,xCss@@Valine,94ff91d2439825b4895a7f01f366c4eda02510c4
CVE-2018-19289,xCss@@Valine,d4ec8c41bad316b02d2002c3e1be4bad7a90eb46
CVE-2018-19289,xCss@@Valine,9b2c3b25109a1029936a0cfa9bc0db9cbf75b3d9
CVE-2018-19289,xCss@@Valine,a1302ae0cf1b7d835ad6112abe02685de5bd3632
CVE-2018-19289,xCss@@Valine,fdb48432c8bac8f9bc3c987632bc98ef317c4f0a
CVE-2018-19289,xCss@@Valine,89fa53ff8192e389e7f7e58d539e50efbcc5d5fa
CVE-2018-19289,xCss@@Valine,81697eb7d00557d6dc3bf6e5c8860f1ab0b8f34e
CVE-2018-19289,xCss@@Valine,c8de63af9c1760a66c8883f728949a4d352fc63a
CVE-2018-19289,xCss@@Valine,4120c512dcfc9e18b3836df5781ca31d1af9ac14
CVE-2018-19289,xCss@@Valine,80e25b0ee90742bf52e60df4ae924fd788e1d5c0
CVE-2018-19289,xCss@@Valine,398a4de38521e906b7a8c06946072976d7123a1f
CVE-2018-19289,xCss@@Valine,36e1867713aee0b4eea8dbf7ce7cc62fc7d99705
CVE-2018-19289,xCss@@Valine,25d6deebb07edd258964d216ab922e817ee11cc3
CVE-2018-19289,xCss@@Valine,3dbfeb60ead5e5dddc7e9e7d6c1c84b767c307c9
CVE-2018-19289,xCss@@Valine,42279fb4fc99416b309f1b98a11b5319a9e8f969
CVE-2018-19289,xCss@@Valine,21fdeecc6e2391aa5000f6fa315cefc074bb059b
CVE-2018-19289,xCss@@Valine,2709612f2c31aee1f9aa508716ca301caa7626b1
CVE-2018-19289,xCss@@Valine,7855d304d8975c89a652610bdd48896b6d614c87
CVE-2018-19289,xCss@@Valine,cc4c39a2201aa985cdfebe60ba4affca3a64ca2b
CVE-2018-19289,xCss@@Valine,da035769fe5bc3d7b9c5f15386fa4a7bad2362f4
CVE-2018-19289,xCss@@Valine,f6bd2ad9283a6dc2fb0c8e3ef7a74fb50a5bffea
CVE-2018-19289,xCss@@Valine,237619686602b62f3b85e253f5c068fd2bb2d3ea
CVE-2018-19289,xCss@@Valine,313217a5da6ae02cc19bd93724bfa52cc32fc2b8
CVE-2018-19289,xCss@@Valine,5dd3229cd54172aff99d87f0858eb76688b1c7c0
CVE-2018-19289,xCss@@Valine,551f1e0dc6bb3f220a72c439143e7d35be0b394b
CVE-2018-19289,xCss@@Valine,3812695ee20d7be24182fec88ed40b86c1383d01
CVE-2018-19289,xCss@@Valine,c8a35c0bd4f998e618869a76bd97954f5e741d01
CVE-2018-19289,xCss@@Valine,e227babc9876b04bbeaa0d8c60e019088c30be52
CVE-2018-19289,xCss@@Valine,c7791acef29ae04c0d9a8aa6ed76e1ad94d8a120
CVE-2018-19289,xCss@@Valine,680bd086b8a1c46b7ece9f380a38add872657177
CVE-2018-19289,xCss@@Valine,630b392d15dd6f9e9f299b8cda662f399f79592d
CVE-2018-19289,xCss@@Valine,848f752ca7878adaebc12cff5fc32fcc2baf21bc
CVE-2018-19289,xCss@@Valine,284875306c5e0253311b8389aba07c0c40c18479
CVE-2018-19289,xCss@@Valine,d7e7267ee9f48b006ca919b9139291a7bc098e60
CVE-2018-19289,xCss@@Valine,77cb79547ec89ae1ef20d656f3656f4ae01d3c08
CVE-2018-19289,xCss@@Valine,a780dfd4113b4c31109572e70441547b67180810
CVE-2018-19289,xCss@@Valine,65ea9932f090e71a2f94a999e1562502653c8173
CVE-2018-19289,xCss@@Valine,db4ed09223e1ba7d4630b4e9eb03b934d4086d9f
CVE-2018-19289,xCss@@Valine,85c9174ebba6dd40f15661c2c0870227ed22af8c
CVE-2018-19289,xCss@@Valine,0ecaebd2b923be534d93e00230669e7ad544f09f
CVE-2018-19289,xCss@@Valine,b307a265ee7fae9cfbe903c9a42c7263f4ebd513
CVE-2018-19289,xCss@@Valine,d4cae13091deff61bbec4aac5192e02c8fd1d97c
CVE-2018-19289,xCss@@Valine,8adc43e5700ac194b0191a446f3f1d396b819af3
CVE-2018-19289,xCss@@Valine,61bc18de0c6db032fee05a88373c60584923ccab
CVE-2018-19289,xCss@@Valine,6bfc14c0b45513c8755083958bf1de7e3cd6e827
CVE-2018-19289,xCss@@Valine,1b8fd9e3381e2648b3d765b471729e7232374133
CVE-2018-19289,xCss@@Valine,a46c5fd562b337e2af37dd80e282636d1301a145
CVE-2018-19289,xCss@@Valine,fbb5f9e8b70cd7a7cadee19781e1f67803559959
CVE-2018-19289,xCss@@Valine,3d248380396af3a27db7842a8e6f9136ba25d188
CVE-2018-19289,xCss@@Valine,4bbdae8bef84b28130b5824c8e9dadbc8862d4e9
CVE-2018-19289,xCss@@Valine,80cca91dbff2514e1704d5fef432dde8b6d308fb
CVE-2018-19289,xCss@@Valine,7b024401c5407bf25aced1759abb37a733bbfe1e
CVE-2018-19289,xCss@@Valine,bfae46a7f11e5172b12f2dbf5086847e899a11ee
CVE-2018-19289,xCss@@Valine,e06b0847e83329c151c4aae68266c52b5220a851
CVE-2018-19289,xCss@@Valine,9fe1eb4aabb69cc689961589f089f000cc2e88e1
CVE-2018-19289,xCss@@Valine,36487de2de6c3f58dbbaff9f192b783d905e4cba
CVE-2018-19289,xCss@@Valine,5c7bdab72310ed9095cdbb5c5d363e8287f4381b
CVE-2018-19289,xCss@@Valine,a5b03c0cd710a7fc5994d95af804dece0deadcf6
CVE-2018-19289,xCss@@Valine,843557e90dcbc6351781f5f4ee5143b2261ddaa4
CVE-2018-19289,xCss@@Valine,dc18dca152c21bb1cf543aea32694dd6664a228a
CVE-2018-19289,xCss@@Valine,310810849e8b8c378b1a720c0e695d7096b6d331
CVE-2018-19289,xCss@@Valine,cefd272eacdea665f20bc1eeeb18780984896eb2
CVE-2018-19289,xCss@@Valine,18db8c048d4fa15e639408c11518fdfa63c1c707
CVE-2018-19289,xCss@@Valine,d1e87f670ee0366bc1fa0c4515d8c8a23ded6302
CVE-2018-19289,xCss@@Valine,21fb759abecaad834f4406f201a6211879b29bb3
CVE-2018-19289,xCss@@Valine,7c8e092038105802a7dc8dcd98bf6ca55a835dfa
CVE-2018-19289,xCss@@Valine,41c9acc8bc704abf0050ebd392e7bc56e3b65d6f
CVE-2018-19289,xCss@@Valine,94157040f4bf070af7cc31f3d770fe078926fcda
CVE-2018-19289,xCss@@Valine,3fbddbf71dff61d35ccdfb18f39cbf4ac679330c
CVE-2018-19289,xCss@@Valine,fd2bf030bfabf0b2e9a5023805ab306d8e3de84b
CVE-2018-19289,xCss@@Valine,1ac47e9196a03b35b1dc709e27f0525c7d60f98c
CVE-2018-19289,xCss@@Valine,bb39b1228074e2ea74d2a1b38d300c452ef6c9b4
CVE-2018-19289,xCss@@Valine,297f4e2b964ba2b653cad454c62e550b0602dafb
CVE-2018-19289,xCss@@Valine,60bc2963a3df0949ec7572274b9115ce0fc646e3
CVE-2018-19289,xCss@@Valine,96b1ca85b48ca7f55f218d14f9cbd2aab72125e2
CVE-2018-19289,xCss@@Valine,29c594bd8c5710f7fa1427295222a1bc35a0581c
CVE-2018-19289,xCss@@Valine,351ac6f69ff717ad057fbe69cf24afe952e5d068
CVE-2018-19289,xCss@@Valine,87826197a730b03ae169d135aab78c1a7b30fa65
CVE-2018-19289,xCss@@Valine,955201420e8c457c83b8bfa5165dae521b4168da
CVE-2018-19289,xCss@@Valine,c52f285b6328d26d40fe0363ad68fa61a98f4459
CVE-2018-19289,xCss@@Valine,23a08fb88f6803e3b5e9b28f4ec9b03c37c954d6
CVE-2018-19289,xCss@@Valine,2c85c6d735c439d6d196700b1461695aeb7dad59
CVE-2018-19289,xCss@@Valine,7fb4a659541947cf8101511d493b7fe291c0c58f
CVE-2018-19289,xCss@@Valine,d0c1d2cc68edd9ec6084358a2753733140eb15b1
CVE-2018-19289,xCss@@Valine,60f4422f1a091600f850293ace4f8b84e9b93304
CVE-2018-19289,xCss@@Valine,1e0fb40eca23cbd29382cac0aded70e2b44ddd8b
CVE-2018-19289,xCss@@Valine,0fd4576118ce84a9b9bedd925f3109bb1f69e86a
CVE-2018-19289,xCss@@Valine,ba7eef1f4121db8c73e288e9f6e2a73415767890
CVE-2018-19289,xCss@@Valine,10b96be9a5793866f0ad4f97819822df445ac341
CVE-2018-19289,xCss@@Valine,4dfa69f966e72f97389c4a4529d20a7257c2d5b6
CVE-2018-19289,xCss@@Valine,57e1aed708888bbf4e04dc862b3d437db378b00b
CVE-2018-19289,xCss@@Valine,35f00a8269c59fe52063046bce7b11ea14e3b58e
CVE-2018-19289,xCss@@Valine,6fde500a9574c4e3a93d9f372706db19da520def
CVE-2018-19289,xCss@@Valine,fd5d126a6ff71bb8a9dec7958c2c38443403b250
CVE-2018-19289,xCss@@Valine,511dd8426f565c2c463461a704fc86e762139509
CVE-2018-19289,xCss@@Valine,50dad84e9955dca678cfff2b5010833960d7731e
CVE-2018-19289,xCss@@Valine,74bd28a3fb901c56e2273669436823574f91515e
CVE-2018-19289,xCss@@Valine,3e340d6e2a9f25c2781c9679c80e944390b2d29d
CVE-2018-19289,xCss@@Valine,53d9f0f16c8d310ad0b2d3cdd89592de5ecaa318
CVE-2018-19289,xCss@@Valine,5c00524690def1ef44c34cf465363b1365de4b15
CVE-2018-19289,xCss@@Valine,d8d96ef90326dfdef0c107ec3316af5a05118ad9
CVE-2018-19289,xCss@@Valine,76e917b0940b1e646c355c49db1fe016b4d6913d
CVE-2018-19289,xCss@@Valine,63d59b90ec922e8cfbc9f1f8dbf1eae28f4e9fcf
CVE-2018-19289,xCss@@Valine,e37c3b69953a11afc9558d47f0305cff605ba18e
CVE-2018-19289,xCss@@Valine,b3de0bb099006447003357abff0afb2e1807e5fd
CVE-2018-19289,xCss@@Valine,4dab6d63e6a89ee20892527c0e8775412083b15f
CVE-2018-19289,xCss@@Valine,d647bef02133fb8f501021a95ca0003e0646ab14
CVE-2018-19289,xCss@@Valine,e97c6413cbe39ca6d8e1a45398988a6ab4d05d5c
CVE-2018-19289,xCss@@Valine,1bc57be468dd450d1eac46743e2ee9f167719c3a
CVE-2018-19289,xCss@@Valine,75efc082fd4138d794dad79ba198e7bd74bcce34
CVE-2018-19289,xCss@@Valine,89fd119fc0dbcc73684f6dd31e79954b34f16af6
CVE-2018-19289,xCss@@Valine,9d703ec5ab8491dcd8cff13f213367d2fc7bc591
CVE-2018-19289,xCss@@Valine,2e18e549c4987cf5b67c8c79158a3eff6ddc4497
CVE-2018-19289,xCss@@Valine,3f04f0ba98268f0b79ffefd0be5958617772b021
CVE-2018-19289,xCss@@Valine,13c15d9b992a570a9bb04c76dad53ef0934e9f85
CVE-2018-19289,xCss@@Valine,c55e75558d09d1322b72109d104bc2564eb46f87
CVE-2018-19289,xCss@@Valine,c3d202e6c62f4e1cb5f30456ff8c2a06bfed40f5
CVE-2018-19289,xCss@@Valine,26f200cb9382f38ac5b5ea77a94f39f68ee4ea6c
CVE-2018-19289,xCss@@Valine,8e975a5dbd26a74988e898a12376c2024c23ccf7
CVE-2018-19289,xCss@@Valine,70d68aee992318fc9620d6ba584a6d56ffe43400
CVE-2018-19289,xCss@@Valine,f28ddcbe0a801ca27056b1a1674d550059424407
CVE-2018-19289,xCss@@Valine,402cabce6a727d5a7b51986eaebd6b849fc36871
CVE-2018-19289,xCss@@Valine,8e6028fd768fa5c2ac7eaeafb6241020bc1a1970
CVE-2018-19289,xCss@@Valine,f995d7290d446cfc6e012268fcf4dc9f327165dc
CVE-2018-19289,xCss@@Valine,32d4d5e68df804f0eabb1a2bebbbf9459e31c2b7
CVE-2018-19289,xCss@@Valine,5f15f3c9a489ee2d4c471daff939d129424aef88
CVE-2018-19289,xCss@@Valine,a4d1b4aa4ca18a3e5fa1e00ee14ce619b179f8d0
CVE-2018-19289,xCss@@Valine,1d820d9c95f621fd1d43bd8b2fc49f89e776b0e5
CVE-2018-19289,xCss@@Valine,35b481ca22ab98bdc0c19b41091622047222bf84
CVE-2018-19289,xCss@@Valine,76be5000220d032d29546115e0e43ca07b5461bb
CVE-2018-19289,xCss@@Valine,3bd94faf3a1a783c7d26d416953034d904aac3a7
CVE-2018-19289,xCss@@Valine,33ab233d1c7fd0ce4d737ebc28980d5da2210467
CVE-2018-19289,xCss@@Valine,ede281e01cc42cae2efe44d5bc3d8a9f88eb8475
CVE-2018-19289,xCss@@Valine,8de452b8c5ce84199558c717c0136e14715301a4
CVE-2018-19289,xCss@@Valine,ec3e111f8f59cf1abe29934324bfad8b90526f06
CVE-2018-19289,xCss@@Valine,c8fbe6893f60bb84f09b5bbd28fbaafc7f6d3e57
CVE-2018-19289,xCss@@Valine,46bf763dd8f59098a14f0dc8eff0ed0c993c662e
CVE-2018-19289,xCss@@Valine,d33c7a656c09028aa1618dfe40ffbf17c3d346ce
CVE-2018-19289,xCss@@Valine,a4bc0b1e796866a7576303c4cc1882a1ba83d8ad
CVE-2018-19289,xCss@@Valine,08fe16aaddc9f3468b8de6f184128b3663894865
CVE-2022-38545,xCss@@Valine,61d7a766aebd07e1ff8e63dcb268bf4f6807554b
CVE-2022-38545,xCss@@Valine,d66cb29f1545032be55a47248c0373d0c14bc946
CVE-2022-38545,xCss@@Valine,0f6ab6328f0f8658332b717ba551391b419a4d92
CVE-2022-38545,xCss@@Valine,e775457e7a68b8401b1e19bfb94eebe2ce1f53c7
CVE-2022-38545,xCss@@Valine,29442505db2bc0ae931efbd4c89ac7c941a58bf1
CVE-2022-38545,xCss@@Valine,144d18632623c082264cf53971dcc9526e21926a
CVE-2022-38545,xCss@@Valine,4526b14f9eef0802aeea9f04aaf5b9b59a362579
CVE-2022-38545,xCss@@Valine,beeaeecc7959ea28032ca4625b796ead71c9e992
CVE-2022-38545,xCss@@Valine,5391e1f66d14f10b3012da0b95e2876903516d2b
CVE-2022-38545,xCss@@Valine,8759516ac1985b45c4554c046c430e0c05b00741
CVE-2022-38545,xCss@@Valine,7718f4e1a8c2b7214185758a87978a88c3002c4c
CVE-2022-38545,xCss@@Valine,380666d424891d485efce2aced82f943bf5ad4cb
CVE-2022-38545,xCss@@Valine,a13bb5f1d95e0c84cf405f8ddcac0ef5f266a0aa
CVE-2022-38545,xCss@@Valine,5ab85ea73d7d9937abc7c0d0c75291798178d680
CVE-2022-38545,xCss@@Valine,dd252016ee36e27d3eb1fef7bfab7a2bb179191e
CVE-2022-38545,xCss@@Valine,1ff57588729207803563ea21bce7e1927c81d770
CVE-2022-38545,xCss@@Valine,9779fb370b187a329c1f347b48bbe3ab7527eb66
CVE-2022-38545,xCss@@Valine,35a910ff40fd942d67e38d88db24368a6beece7c
CVE-2022-38545,xCss@@Valine,624ca39a373726436c55abf1393f56554de76778
CVE-2022-38545,xCss@@Valine,64b47cc919818b65246817b9c51fdaaf8e9c06fd
CVE-2022-38545,xCss@@Valine,94d7b5b1b3eafec2a900beea722171b26249b90e
CVE-2022-38545,xCss@@Valine,8307519db636523233c2eb2032d2ad18f851a9c7
CVE-2022-38545,xCss@@Valine,af0cff3c7306589577b9aa6c8dae76f945d18a9f
CVE-2022-38545,xCss@@Valine,2392c7c75e2aad7568f9190125bf3c514001cbfb
CVE-2022-38545,xCss@@Valine,d450a940ff7e329723ab47701d13dd48e925e4fb
CVE-2022-38545,xCss@@Valine,5c3f6d7fb29d79d6a67106cca3783e0505591c9b
CVE-2022-38545,xCss@@Valine,f7b718bb60f691de30eb6ff0c5cd3ab4a441999a
CVE-2022-38545,xCss@@Valine,c35cc4c13c1a9fd23100f895d1ebe78e4ec0f94e
CVE-2022-38545,xCss@@Valine,5aeb8a5a777aabc3c60eaa4e82c4959ef8c26329
CVE-2022-38545,xCss@@Valine,b3cc3aaa14bba04e922471cae91700cf552d530b
CVE-2022-38545,xCss@@Valine,36bb7ffb9e2b7bb253b957378ff83b4f5a223d3c
CVE-2022-38545,xCss@@Valine,d78ba8b9a2aaf8761bcf3d4d4b6f7906eff88135
CVE-2022-38545,xCss@@Valine,1c39364e5d3716d26b89aa0248c356e12259a1ed
CVE-2022-38545,xCss@@Valine,4cb250cb552c4dcee47db8f398f7cd04917043f2
CVE-2022-38545,xCss@@Valine,8d2aeb5bf459753e119938de3e7dd3639117f64c
CVE-2022-38545,xCss@@Valine,add374dfda34988e5d1a1f007ccc3516ec8440b6
CVE-2022-38545,xCss@@Valine,47667f94b3522da0ecfb4977b03c30b5df9bec50
CVE-2022-38545,xCss@@Valine,71dd5cccffc6049e91e74175a46852d02a55631f
CVE-2022-38545,xCss@@Valine,f7ed52b8152f8b91169459e9a19779dcf580a703
CVE-2022-38545,xCss@@Valine,4e4693a358a9d4a16ca5c7b8e962d7f281590bd8
CVE-2022-38545,xCss@@Valine,9164a982a6e6ff6e694981de7468cc8d9b6fb667
CVE-2022-38545,xCss@@Valine,74c47ce2938ee5d7861daf7a2b4a94fe188641a6
CVE-2022-38545,xCss@@Valine,c76569967d2b4f9988c81d0df0a0fba682b9ea62
CVE-2022-38545,xCss@@Valine,cfad9c84ec7789645729176d67a0c1f75d3b8cf0
CVE-2022-38545,xCss@@Valine,0f1ad539f2aa4bb77212b408a3f56ab99c902b5f
CVE-2022-38545,xCss@@Valine,424198f436b8862ca96ae76f62522d27c1bd87e0
CVE-2022-38545,xCss@@Valine,c40826c5816c98d797a6b1ed8b62bddf73ed4f65
CVE-2022-38545,xCss@@Valine,3a5bfafd22a11e7114bf9ae3b0b60ae50aa685a9
CVE-2022-38545,xCss@@Valine,d113b376d1f9538f3ceda89dd7d552a528a32602
CVE-2022-38545,xCss@@Valine,a3c52f19460c8a6a28ffcf54108d65b7b2055cc0
CVE-2022-38545,xCss@@Valine,090b988c415d8f334e8a9261f0206a9128112f55
CVE-2022-38545,xCss@@Valine,b1dfbf7d2715155386f4ac5a60c97f0eb5cbec4d
CVE-2022-38545,xCss@@Valine,472a72f28ca9535c7e47551a13c1d45bb61429ea
CVE-2022-38545,xCss@@Valine,4b71fb81c7f6b95b505c3a0e2b1236ba8db8460d
CVE-2022-38545,xCss@@Valine,b653c08491e736ea979c654b635bee3850a0a41b
CVE-2022-38545,xCss@@Valine,c89a4e1303814095eff6c925bdda0118477c1bea
CVE-2022-38545,xCss@@Valine,baa56be68302e3fa278c259a1b81f9325a77cd35
CVE-2022-38545,xCss@@Valine,0d8ce67ee2a07e8aafde0f13679bca6b2cac8dbc
CVE-2022-38545,xCss@@Valine,3494e900d013216c5ae57e2c9950cf0202111d2e
CVE-2022-38545,xCss@@Valine,a5b6dc631093d2852f696ff47f23f43010ca9b18
CVE-2022-38545,xCss@@Valine,66560710803cee7b5db10bfdec512a481afa0203
CVE-2022-38545,xCss@@Valine,7f5ebb69efa9666d0934d26c86eb4b4aa741547f
CVE-2022-38545,xCss@@Valine,9cb817e960a4b4ab464f1cae06e216e8b9898047
CVE-2022-38545,xCss@@Valine,f6824229845ebc0861e6f9762f9f48ded83495b7
CVE-2022-38545,xCss@@Valine,a77d0c00cc2e64e659734973e221430005416e67
CVE-2022-38545,xCss@@Valine,82e68d9d289c0904f5a7c7f9d8f0c5d2cee8fdcb
CVE-2022-38545,xCss@@Valine,641bb12d6f357496384b905531fad562e4a89b2a
CVE-2022-38545,xCss@@Valine,ec306f0636fca9372ebba49702e7d0f6d1f64271
CVE-2022-38545,xCss@@Valine,3edc8a6a1c96c54a3a9f102bde3f1b8b856b4f42
CVE-2022-38545,xCss@@Valine,429dbc35246432c68209180db89f0a4dbca1d2b3
CVE-2022-38545,xCss@@Valine,0cf82017f3678fdbb258056f365d46c4885e3193
CVE-2022-38545,xCss@@Valine,948bf9422f20e4c4b09570ec82cc25ae7cceb6f0
CVE-2022-38545,xCss@@Valine,7c20e08b0f75ace16ae1a20225615c8fe98e0e36
CVE-2022-38545,xCss@@Valine,74a16ace138062553e34f06cb93e8f6509daa7b8
CVE-2022-38545,xCss@@Valine,e817c8586cabe8d974912231b1eabbce0bc82304
CVE-2022-38545,xCss@@Valine,01211c04977fb043ce1a4cc18610914494fbaf51
CVE-2022-38545,xCss@@Valine,0e411e25f57a87b84212cd700dc2bc20bb79cc8c
CVE-2022-38545,xCss@@Valine,c624e1130275cd6ff0e1a859db575085e70b9c46
CVE-2022-38545,xCss@@Valine,e91e714169059b06ca4144abfab94feff08642b5
CVE-2022-38545,xCss@@Valine,b7abc36dcdcdc74b22d877c5ec189468668c2027
CVE-2022-38545,xCss@@Valine,033666ab68bcc0e2a37c2b977b679912c1053cec
CVE-2022-38545,xCss@@Valine,6dd97ad7b04ea740c1448eb1c4e3811d1bbf2a2a
CVE-2022-38545,xCss@@Valine,dd73fc09d83631d28052734e15080016e2884c92
CVE-2022-38545,xCss@@Valine,16b1afae5a6d8d6db30c83a3e7d06867668c4ea4
CVE-2022-38545,xCss@@Valine,5f3e22024de58a79f437c6ac908a44edca9c3d2c
CVE-2022-38545,xCss@@Valine,87b5f5b6a40d1c065476046af43d1dcafdd090e9
CVE-2022-38545,xCss@@Valine,98c7ed04bd8f3413483326533f19f9adb57e6019
CVE-2022-38545,xCss@@Valine,1354dd90751f170f7ebd56c98e06384d29f775d2
CVE-2022-38545,xCss@@Valine,78a0296eb9f634b566f14ce79d7f159395973417
CVE-2022-38545,xCss@@Valine,ed22d2e1f7d900b7d8b3afab8eb0cf91d5d7dff3
CVE-2022-38545,xCss@@Valine,8777cc2320f717cec79b8a43791c636c601784eb
CVE-2022-38545,xCss@@Valine,04ed9f324f3e0b6920ec9eaddbcd6515d1ee2142
CVE-2022-38545,xCss@@Valine,17f12eba495fe70a05c5a39f9cfab6816a1dcd35
CVE-2022-38545,xCss@@Valine,2ff331658f09c438140e28c8f7aa79b120690970
CVE-2022-38545,xCss@@Valine,87da8204db50194c338f6929166f80f41ca87222
CVE-2022-38545,xCss@@Valine,53f640bfa92e9d6be5fbd1abfb7e0b2011d91995
CVE-2022-38545,xCss@@Valine,61382372c733e8539bb1821ce3de835690434e17
CVE-2022-38545,xCss@@Valine,94c51d5f5a8042cc7d11711891ef969479f2be59
CVE-2022-38545,xCss@@Valine,48c93e8e0778c84e5ce77463bf69c4fc31593144
CVE-2022-38545,xCss@@Valine,fea03e1757f4970bf400441e123d711e7713d25c
CVE-2022-38545,xCss@@Valine,55bad15ae0bbaa012fd5c6cdc1ba5437cc101222
CVE-2022-38545,xCss@@Valine,f1dd3c79858ca92d4a7cfb1f8f00ff50eb88145f
CVE-2022-38545,xCss@@Valine,281c89f995de9ee97503352bef87c50feb75dca6
CVE-2022-38545,xCss@@Valine,9055087864c4e206a33bbd28caa01b30fc9647ad
CVE-2022-38545,xCss@@Valine,b66cef60644e33db9e0e52f7e881f5d91dfcc820
CVE-2022-38545,xCss@@Valine,ffd973ed49500970aca27fb5b30a686356627c94
CVE-2022-38545,xCss@@Valine,a8afd66560c019ee4a3372163d3838200bb17d74
CVE-2022-38545,xCss@@Valine,8b88a26d2aee7e23e2612c11467cc73a819db219
CVE-2022-38545,xCss@@Valine,750021498c86fa628cd1b8846413881d1174346e
CVE-2022-38545,xCss@@Valine,7d0746c6676efdb97fa3a8fefd1753033ce55425
CVE-2022-38545,xCss@@Valine,fa595e4f7832e53f2359355b995c6166bc3c06e1
CVE-2022-38545,xCss@@Valine,f0902121efc5af21eddc1656673ebaaf81db35aa
CVE-2022-38545,xCss@@Valine,183f57011cbf25305c871591e8c9bbbf6bf762b3
CVE-2022-38545,xCss@@Valine,1fdfaad8edf98ea4828d80b27fd7d4eba59105e4
CVE-2022-38545,xCss@@Valine,02925c14a7e41443293a16d47fd31dde126dabdd
CVE-2022-38545,xCss@@Valine,492700c436c94330acacf0db9358b9b21b54b700
CVE-2022-38545,xCss@@Valine,b8d4708d1fd84d0850254064dd029b04a22b1065
CVE-2022-38545,xCss@@Valine,04468ed1c444075cda978dfe36f53ae258542f46
CVE-2022-38545,xCss@@Valine,f1feafff6303abd5c778fb525429ded867048c84
CVE-2022-38545,xCss@@Valine,0378df02100d987c086afdca3b6459a09e064928
CVE-2022-38545,xCss@@Valine,13a92a5977a2061ba77dbeda999e6a817bbb93eb
CVE-2022-38545,xCss@@Valine,3232ab4cf84e12b74541a918356107230ae899e4
CVE-2022-38545,xCss@@Valine,46018acef7aa1e4a3b44bc12459696cf7e257d56
CVE-2022-38545,xCss@@Valine,44d4576c1d00fa3ff884883d567210c4525fb991
CVE-2022-38545,xCss@@Valine,0fcfd968338ef46d86f957b0285432c23ec027d4
CVE-2022-38545,xCss@@Valine,9fc0f9d22780e9ec7be2ded27045d9bffbd191d0
CVE-2022-38545,xCss@@Valine,3f82580026af9297d239a5b50cab4acf98d05895
CVE-2022-38545,xCss@@Valine,686b76f0de2bb55f4b4582187a06925ca9939714
CVE-2022-38545,xCss@@Valine,2a16e821387af6b6dfb4817ef99cdccd1862d046
CVE-2022-38545,xCss@@Valine,b156609454029f406ef141e60e83617d16afb9b8
CVE-2022-38545,xCss@@Valine,7c58aa26232835b0a3a44c9b2086817c6a9194c6
CVE-2022-38545,xCss@@Valine,2493c8bc61f294ed0ab168fd20ef6ae1f16ddf92
CVE-2022-38545,xCss@@Valine,6870e844d70341d4a01d9f5ccc2e33b1004a38f9
CVE-2022-38545,xCss@@Valine,c2c2a7cd4bc1a0eecbf8368308529f56525b3352
CVE-2022-38545,xCss@@Valine,8062c94a0e178c6527460e4516d0e2816f672337
CVE-2022-38545,xCss@@Valine,ab51c31c57e9cc0025cb03e0a80ab4b11f2345c6
CVE-2022-38545,xCss@@Valine,690dc3302f01ca970bf22d928bce60dbfee5e963
CVE-2022-38545,xCss@@Valine,b5619104952a5e8c3d0183812209ce9ae40caa23
CVE-2022-38545,xCss@@Valine,a7f4a3e9235417112891399335bdb992c4f5c7d1
CVE-2022-38545,xCss@@Valine,8f6732f4321d93d527d410b721a94f9249207f8e
CVE-2022-38545,xCss@@Valine,4c6aa0b89ce8dc0d4643fd145dba1d222d4fa344
CVE-2022-38545,xCss@@Valine,b6ee70f9f69410a4475436b4447c367568bb276b
CVE-2022-38545,xCss@@Valine,75b028cad73a0fcd02d265bf29024c817f5e5afd
CVE-2022-38545,xCss@@Valine,142aa78b0a0ce7683a00a1f343ac45ee0dd66747
CVE-2022-38545,xCss@@Valine,0c923f57ef1753a88604b8e558d15ba57723781d
CVE-2022-38545,xCss@@Valine,56b3cabfcf80818cb6ae27ca54ada37ea1b51edf
CVE-2022-38545,xCss@@Valine,f3413130c826446612fe6c208ae71a55320c5bb5
CVE-2022-38545,xCss@@Valine,68d1842bbd7008ae10677b8afcd303bfefb1a80e
CVE-2022-38545,xCss@@Valine,5746f870d2c68212d1084e8ba9cd2ece3deca31d
CVE-2022-38545,xCss@@Valine,e7618a9d7e2c4f6b325c0815c611899602269104
CVE-2022-38545,xCss@@Valine,a60e9a3d69e313375c02b3f84a8e20194a6e6d5a
CVE-2022-38545,xCss@@Valine,d756b40e0a58d583eaaf2a8d1df605c001645228
CVE-2022-38545,xCss@@Valine,6812ad04239117cd822feb3884598b6b5e9afc91
CVE-2022-38545,xCss@@Valine,07993ff5ca214c3ed0139fb96e93b805ce2f20f9
CVE-2022-38545,xCss@@Valine,369037e545e36ecee96045f618f4dd87245eb92b
CVE-2022-38545,xCss@@Valine,fad1d9f4d2e183fd45997cbd920851147a620468
CVE-2022-38545,xCss@@Valine,93c547757826dc628e204dfe73a8e8c782dfd524
CVE-2022-38545,xCss@@Valine,97b9c20a43e81eebeb8a5bbc6366b73453a22b34
CVE-2022-38545,xCss@@Valine,a7fb083aa44a064cbc7ca8bb716cacaab5e65008
CVE-2022-38545,xCss@@Valine,1bedaa51db5674d1b6781d0e09ff54abcabba084
CVE-2022-38545,xCss@@Valine,7ed6d0ee50d2911ae039541901aeb7888e7866db
CVE-2022-38545,xCss@@Valine,a1e537501e501045c2fcb6667bb23a1aef35c492
CVE-2022-38545,xCss@@Valine,71eb4e59ec999a37673dff8bd855a7e2c812ce52
CVE-2022-38545,xCss@@Valine,6ddf2ae995d4018332f2feb67a0d62a07aca37ae
CVE-2022-38545,xCss@@Valine,76a5cf780a07bdc78b1c08db98990f17ae3951ec
CVE-2022-38545,xCss@@Valine,d5137aa623de556dc994263f22aeea6d19be0437
CVE-2022-38545,xCss@@Valine,836473be7f05e8b002cf74b0070a06d8965fdfed
CVE-2022-38545,xCss@@Valine,736fd653cd616c47dadd9a19c676e0c16e0f7324
CVE-2022-38545,xCss@@Valine,2529c49b26040280609dc5e2f737aa5d25be34c7
CVE-2022-38545,xCss@@Valine,9876cdd26e68dd213414c4396530ec144b6f3c84
CVE-2022-38545,xCss@@Valine,58d1ec809d2a35f22410121f2153578e4d48e078
CVE-2022-38545,xCss@@Valine,9889dcd7df3118680ef172d34e5cdede7d7cc4eb
CVE-2022-38545,xCss@@Valine,9e9fc7646d2faae43a56c771d4d52288611624c6
CVE-2022-38545,xCss@@Valine,68a8023f24e3bf4fccec0e3ac5e315b8ae0fa6e5
CVE-2022-38545,xCss@@Valine,c3c200cf42ab2518188530759506fc0326a0bce9
CVE-2022-38545,xCss@@Valine,e98158a65a34b4f5ad15febfb5bdf6c8c0778e39
CVE-2022-38545,xCss@@Valine,d9aa0d0c4258f2d17d6c2b08481559935e8fa4c7
CVE-2022-38545,xCss@@Valine,aa8ed3376e00b084a19a5276a113f43e740d04ab
CVE-2022-38545,xCss@@Valine,45c1a5735e68307e4f723d070a4ec30c8ff599b1
CVE-2022-38545,xCss@@Valine,13c9c904a7f2dcee0e0f7ada4a277938f1b48fca
CVE-2022-38545,xCss@@Valine,c1ab4f9939a77395f53fd341d56eb6fe89cde1e2
CVE-2022-38545,xCss@@Valine,da526f2276b6b1fe72e9b589fb17ca9cddf07479
CVE-2022-38545,xCss@@Valine,e54363b5817f06d751ca9c2a88f89b103c27458e
CVE-2022-38545,xCss@@Valine,581d977c551b5422c46f7558cbd1127caa19c88a
CVE-2022-38545,xCss@@Valine,46c923a95b18a9e53781aa3c25462d840be3978d
CVE-2022-38545,xCss@@Valine,be87148b69edc56e929c99ac2e72c12a1928b3a5
CVE-2022-38545,xCss@@Valine,a7cf3f72f62d12cb0e823610fd31899c4d6e3a2d
CVE-2022-38545,xCss@@Valine,64ee2917eb0773a904fbe4db92ad06ad7e12c291
CVE-2022-38545,xCss@@Valine,143434db6ed47b532ed61c157743271f3723f53a
CVE-2022-38545,xCss@@Valine,f61ef171a6c12eec2152381f957c805d01c8b09f
CVE-2022-38545,xCss@@Valine,7b74da58848acaa2efb9e6544ba09dd03f847d37
CVE-2022-38545,xCss@@Valine,650ce964bfa5509b84426a2f85fe3c3b89d31046
CVE-2022-38545,xCss@@Valine,18bfb1e5df086d26c10b8df483cbee9a87fb28f0
CVE-2022-38545,xCss@@Valine,ec445609722085f4dc59c333dbaa2b8b45c329c5
CVE-2022-38545,xCss@@Valine,8193bac6b50d0f78a6f5556824faa8698a9b5b57
CVE-2022-38545,xCss@@Valine,99003289cdde552bdabdab76717ed95cfbab94f2
CVE-2022-38545,xCss@@Valine,41fcc6bee7680f9c4f6fb414953e67f0c2c6d60a
CVE-2022-38545,xCss@@Valine,03e4407ef5fb3b87cd6fc2b02b34e79de8cde803
CVE-2022-38545,xCss@@Valine,6da4eaee9ef1d02d930f95f583d94270c8944089
CVE-2022-38545,xCss@@Valine,ae38c99357e9567bc6af37b927512c5e8c424e17
CVE-2022-38545,xCss@@Valine,df08faf5f9011ebd9666a8e1ef517dbf6441b699
CVE-2022-38545,xCss@@Valine,98a555e2f5100d528d83dfeb4c55544e0cc91a03
CVE-2022-38545,xCss@@Valine,6f381ecb00bf039cf62a8ec4b7278bf8d9bbc038
CVE-2022-38545,xCss@@Valine,7bfdccf719cd1489643939d8d7827dc00a373c9d
CVE-2022-38545,xCss@@Valine,723c4c674c6ae14bae82b868489a44a52dcbb392
CVE-2022-38545,xCss@@Valine,53976d14b0d16c53c3d02ee38b356e538006b70b
CVE-2022-38545,xCss@@Valine,557cc2e313c1646bcd221439ca700651d9b576f7
CVE-2022-38545,xCss@@Valine,c2f45a7b84a70bf69feeba891401979ef5c8114e
CVE-2022-38545,xCss@@Valine,a670b1ebe60eb991e824485d04fb671c9f46b9b3
CVE-2022-38545,xCss@@Valine,0ec1131f0803474b121cc813cafc1f44db3cae26
CVE-2022-38545,xCss@@Valine,733f18b6e1ff06b2631cb6b39576c92bdf7f260f
CVE-2022-38545,xCss@@Valine,9778b0a16b39aa56e60f40e4a34e050135a9ef02
CVE-2022-38545,xCss@@Valine,c53cd1b848f604db0cf80a137de58bbcbafd89d4
CVE-2022-38545,xCss@@Valine,ef8fa81036f4c6ae7c461bf3113d012f86c04bc1
CVE-2022-38545,xCss@@Valine,cfce7cfd3af2f88f3b632a34d710bebd40f968de
CVE-2022-38545,xCss@@Valine,fc3a41651b661a90f37f5f504e5d7ff959bd62a4
CVE-2022-38545,xCss@@Valine,ba283492bece01ae034a86fbf4c843b0d03faa95
CVE-2022-38545,xCss@@Valine,07e4ea6b532479ef672c8233ecf442f8603b3c47
CVE-2022-38545,xCss@@Valine,5ad7528464d58c040c8a4c47e436ec6fa55f37d8
CVE-2022-38545,xCss@@Valine,4b70c48b11ce779dd43b1e22d98615ffded14894
CVE-2022-38545,xCss@@Valine,9e03d73eda9ba228bd4631c50021acc749532e6e
CVE-2022-38545,xCss@@Valine,879bb3de9cf6a5709a13544a95a4c0c7ac064002
CVE-2022-38545,xCss@@Valine,f28771ebbf048bbf3fda41c19741f29bc3666701
CVE-2022-38545,xCss@@Valine,7673607ea542108185918612cb15b2c28b7ea77d
CVE-2022-38545,xCss@@Valine,1583809dfc4a3d41ff6e32c339daa281f5517061
CVE-2022-38545,xCss@@Valine,7cfc4213083a728cb6d5fbfa45d51aa2fe0a6429
CVE-2022-38545,xCss@@Valine,5906efca7072383691267ceee454a89e31f4d35c
CVE-2022-38545,xCss@@Valine,ac595b3178001cb94c9e7b07390ca02d8f7de7b1
CVE-2022-38545,xCss@@Valine,9c1f43abce5305295b78beaba36bfad947697843
CVE-2022-38545,xCss@@Valine,80b708c75f8c4c1d5413a9b256894a7ee417af3f
CVE-2022-38545,xCss@@Valine,057ef1ced02af751e1568ded28397703b2964437
CVE-2022-38545,xCss@@Valine,054b6cfb44c85da5bd3a2cc92955964f55153219
CVE-2022-38545,xCss@@Valine,3b7ff2a334042019bd301feb6ea16923346573ea
CVE-2022-38545,xCss@@Valine,fa5b2c8ec23dbb70a48cb6b6b9690a94bbd3a2c3
CVE-2022-38545,xCss@@Valine,5ab675e28cd438c3f3b90d33faa442727211f3c3
CVE-2022-38545,xCss@@Valine,0c399463b7fef99149eaddda8533fd5ee1064398
CVE-2022-38545,xCss@@Valine,8e2ed4256c2822a95e333d4cecf081711063dd16
CVE-2022-38545,xCss@@Valine,d96a11d7c7543d077618605e20cc756b73a4ab09
CVE-2022-38545,xCss@@Valine,ac119488fc9c920498ccd613a0463e12b0c84554
CVE-2022-38545,xCss@@Valine,768c63bce2e295cb23c56a371102070b3cc9dd91
CVE-2022-38545,xCss@@Valine,2a9319088e942e3623e7cc888b7ce4194ae25c4c
CVE-2022-38545,xCss@@Valine,58e49b4c20932055a7f6c0243b3e0342a8ee6f77
CVE-2022-38545,xCss@@Valine,a7a77d6c6e91c8dc08540d99bcb60a6aecdb7587
CVE-2022-38545,xCss@@Valine,44bb7c5647f16e6058c27e8b29d3d31b03c97766
CVE-2022-38545,xCss@@Valine,62f5ff7b0222d4ddeb0b08bb8b03c70c863c6fcc
CVE-2022-38545,xCss@@Valine,46deca230b2c826ca4a283b3656312ad90a9ce19
CVE-2022-38545,xCss@@Valine,8e19d20575d18e7fe20d981473ea32aa5a9fe06e
CVE-2022-38545,xCss@@Valine,a9d7761e62a0a19e70e9a960d7877c2429876f84
CVE-2022-38545,xCss@@Valine,16eb10fb790fa2f958a3f03ddb387604883cb6bc
CVE-2022-38545,xCss@@Valine,b8b536ad4fd246f490376ca2c9f01750f358363e
CVE-2022-38545,xCss@@Valine,32fa475416d2d6b9d9433c5e8dbea9c27a36e67d
CVE-2022-38545,xCss@@Valine,e1fb38559efa085866f531b473f4050001b97b83
CVE-2022-38545,xCss@@Valine,c0995db4aedb3509fb2ad339f6f2e8bf55f250a5
CVE-2022-38545,xCss@@Valine,7ca56c32a28b45441c2b0f443aa88b5a9f571b80
CVE-2022-38545,xCss@@Valine,84312e1026279611e75187609a19620637eb5d01
CVE-2022-38545,xCss@@Valine,41dc7bad48320bdbbf44808efa25d9497d6510b4
CVE-2022-38545,xCss@@Valine,40f32f7c9462338f1d647c507d36e30e4aab778e
CVE-2022-38545,xCss@@Valine,8e298957356c7f870f7b14f51f99239a70be8b71
CVE-2022-38545,xCss@@Valine,13785c22898231cf38c6f9e7ddcaf54dcf056d5c
CVE-2022-38545,xCss@@Valine,51784bb4d0e3df70db46840a128e4e822eb62086
CVE-2022-38545,xCss@@Valine,91691200794f04ccfa3e05f6648f94c9fe485d61
CVE-2022-38545,xCss@@Valine,d18f22db2fd91abca439a7e435153bd3c64c2e1d
CVE-2022-38545,xCss@@Valine,0a09e980e1b30b546d170b641d2baa48652c525e
CVE-2022-38545,xCss@@Valine,9dec6a422a684868d68c71d6d1a8ec122026c4ba
CVE-2022-38545,xCss@@Valine,b2498683d78d2e26c1b8df74a72ecabe422893bb
CVE-2022-38545,xCss@@Valine,73abdd083115b85399ecdd635eeaeec94914fae0
CVE-2022-38545,xCss@@Valine,e3d76795e6724814b0d63188fc751e134fc61dda
CVE-2022-38545,xCss@@Valine,5c1c26b66dc50276cbea72419d141332e30c3371
CVE-2022-38545,xCss@@Valine,f9a0659fe8a0edfb724a1a2bc161fe358d188103
CVE-2022-38545,xCss@@Valine,42436b56709abf089269757f75d8dc40645a961f
CVE-2022-38545,xCss@@Valine,d26522f509623fdd1c92cb386d0a9492bdd20778
CVE-2022-38545,xCss@@Valine,6d783b665056287773ce66beafecd855162ae603
CVE-2022-38545,xCss@@Valine,7c5c04d8c3ec7cf545272ed585af38b5ef9a82a9
CVE-2022-38545,xCss@@Valine,e41f6c04fa3b46730476b25b7e1aab80d002368d
CVE-2022-38545,xCss@@Valine,c69c08696e307b2026968ede8f1546b87a59d064
CVE-2022-38545,xCss@@Valine,27b6fef623b35a569939e446b488ba85c5d0c497
CVE-2022-38545,xCss@@Valine,586ba8d6c2e96768d9e621157695a77545e736fe
CVE-2022-38545,xCss@@Valine,b912af24370c94be9c01c08a353bd9801db6dc77
CVE-2022-38545,xCss@@Valine,3583318791d5caff0cb0c06d1cdafa533f9188a7
CVE-2022-38545,xCss@@Valine,24f6ddd1504a39a8ccb8b047eee6579405dbdf08
CVE-2022-38545,xCss@@Valine,7ff5f8bd38998aa09506f09dd4a8f7b881f8673f
CVE-2022-38545,xCss@@Valine,88291639190c941ee547eb2932110357211c5c99
CVE-2022-38545,xCss@@Valine,d867601f058ce9b893793450433a6103b2c78aff
CVE-2022-38545,xCss@@Valine,569c5ea95daa12624200b143c3ae4620305c5711
CVE-2022-38545,xCss@@Valine,36bcd9be040328425bb75af76cbe9717cb7afb28
CVE-2022-38545,xCss@@Valine,c27b4e90264db1ea32ec78524616a230507d64a8
CVE-2022-38545,xCss@@Valine,e7073971b9e3c09cd6b2b6c5d60356953e456ad4
CVE-2022-38545,xCss@@Valine,7968705645c722abc1c936ea2c0b7a870a331fb2
CVE-2022-38545,xCss@@Valine,a0d23d10b143736c2b19b317475f8ccfb3704a6e
CVE-2022-38545,xCss@@Valine,9d7ac98fac3df4ecee3a017363cef6b0ad1c73b2
CVE-2022-38545,xCss@@Valine,370b1b40f3ab6195fcb87b44f4fc6fcf1ace39b6
CVE-2022-38545,xCss@@Valine,e0ecab5d03826ba455052702ff86e98046fd8971
CVE-2022-38545,xCss@@Valine,a8b4b92c46e278f4310bc725b0d93e5a7f7c4355
CVE-2022-38545,xCss@@Valine,71dcdef75396405f9ee6cbdada0d8cbb012cc7f1
CVE-2022-38545,xCss@@Valine,c2fdc1864a616cc55f275d090f38795e75cc56e5
CVE-2022-38545,xCss@@Valine,a57685fac2ce20187f985d982bf9b80574f0e0db
CVE-2022-38545,xCss@@Valine,c3c7418ea81cd24e02b29ecaca92e37f2898eaab
CVE-2022-38545,xCss@@Valine,5ec8ba8bf3956c90e3d13caaf4b98cbf68c8342c
CVE-2022-38545,xCss@@Valine,fab90cc4f310c31b58260449f15d4e458f2048a0
CVE-2022-38545,xCss@@Valine,091342151204d2a1bb780b2cef7c3779afc7f896
CVE-2022-38545,xCss@@Valine,3abe522513da6d4cee4cbccd47641c568a93bf3a
CVE-2022-38545,xCss@@Valine,e3d5db2dfca07b18202b6989beef7f1922f21b90
CVE-2022-38545,xCss@@Valine,bfff5d5b4a17af8b5161cbdc604d57076db9a47f
CVE-2022-38545,xCss@@Valine,57c0babbc13767b38a497139784d68e92601b5b7
CVE-2022-38545,xCss@@Valine,0b21fccecce8c57799ae86198091022f39477517
CVE-2022-38545,xCss@@Valine,1634ecd55864d2f336475a8f02337ace5885cd37
CVE-2022-38545,xCss@@Valine,96ea8e16bcce879997371592fe610d0994bbc47d
CVE-2022-38545,xCss@@Valine,b8f62a1e4417a57f7968d2faa65412b4ca8d6166
CVE-2022-38545,xCss@@Valine,855f1e1046ee4e819021f3a3e17e690d39700bcd
CVE-2022-38545,xCss@@Valine,e79d671b76d255d83cfb8cafa3613c66198fdfec
CVE-2022-38545,xCss@@Valine,88cd4871a43ac0842b7f8aa9d00c4db4a34b03be
CVE-2022-38545,xCss@@Valine,a2290a646eef7b3e9cc2e20673950baf986953d8
CVE-2022-38545,xCss@@Valine,a70780d0cbe190a48a91b9f420a37cb4b4bcaa63
CVE-2022-38545,xCss@@Valine,206e4df42d719439d71217be8c90025a0342f289
CVE-2022-38545,xCss@@Valine,ab05b4e71619e670963da6747ad3137208fd0a9f
CVE-2022-38545,xCss@@Valine,3f8c96d9281b825b267b21f09ef1f3fe148a9503
CVE-2022-38545,xCss@@Valine,379c2bb560851d5656700bea44b82bbe0e54e398
CVE-2022-38545,xCss@@Valine,4426a9867d31cf6d87eb9b8cb06b415122442942
CVE-2022-38545,xCss@@Valine,445d2dda2888c702fcb72af8f6e80a1f26a6274f
CVE-2022-38545,xCss@@Valine,65357efd9a2d5e4da48de993d65e26a1d6224376
CVE-2022-38545,xCss@@Valine,876fb95f39759b52da1bda2a24bb38ca626e4d48
CVE-2022-38545,xCss@@Valine,01e95b1bafebbb9ac9b4c208156dacc78180d65a
CVE-2022-38545,xCss@@Valine,5272bb27687f53f94fc786a64fbc95ec56d3ec9b
CVE-2022-38545,xCss@@Valine,0249153cf4f9ca6c122879d8a603bd41477eb2a1
CVE-2022-38545,xCss@@Valine,5ef57572ae18cc52ee7ec1adb8f6e5518f4f4e34
CVE-2022-38545,xCss@@Valine,32b31777bf97b175f449744ae2aaac7adcdf6fb2
CVE-2022-38545,xCss@@Valine,96c47a488ca72cb4159f10dabcdea433ce6b963e
CVE-2022-38545,xCss@@Valine,0898f5fe12df72fc325a7c7df8d2a31a423901fa
CVE-2022-38545,xCss@@Valine,916abf4a1403b0ead58f9568a5cc36a3f4615bb8
CVE-2022-38545,xCss@@Valine,d47e7fe95f9a8059d0b1128b5155170152527f61
CVE-2022-38545,xCss@@Valine,d3a043cd4dd2e7735e49c752948fc0edbf33b684
CVE-2022-38545,xCss@@Valine,f7e42120acebcbddc9e94c9762199282864d48e3
CVE-2022-38545,xCss@@Valine,9d9392ba0599076220fdba870ea60a70fdd0cf5a
CVE-2022-38545,xCss@@Valine,47ee0a423287c7e1c5b7cbf0bf73c62cf2da135a
CVE-2022-38545,xCss@@Valine,ab2927540b40521ec826a2d9003faf06790bc65b
CVE-2022-38545,xCss@@Valine,1d7e605c7c10f530ed3812f0ea0cb9d67e33d938
CVE-2022-38545,xCss@@Valine,b8b0d60d6171493f56159ec514e1516f95cb445d
CVE-2022-38545,xCss@@Valine,643f775fe1fb25f8b2f60c61d216202bbe86bcc9
CVE-2022-38545,xCss@@Valine,a4c3d96b1492ed20a17a74162997309083014c74
CVE-2022-38545,xCss@@Valine,15a64c133e7baef1e8572a917483b7f5924187ae
CVE-2022-38545,xCss@@Valine,8ced693524ef1b82901122b7a6037b89917fc1aa
CVE-2022-38545,xCss@@Valine,035c6f9749a876b1001b49172d4df0030e2e707a
CVE-2022-38545,xCss@@Valine,af909074ced6d3e605154aea0cbfb4ad48c3e5d7
CVE-2022-38545,xCss@@Valine,224b860768bede0fb8105604d4c620001b3947d7
CVE-2022-38545,xCss@@Valine,6ca178754a8ec9ad33961c30af7e28f4c959ea36
CVE-2022-38545,xCss@@Valine,d14b24b039daf2f504c11230c40fb6560fe96fe5
CVE-2022-38545,xCss@@Valine,6cd4c1f991d07787fd3dbae07811050e2e227596
CVE-2022-38545,xCss@@Valine,7fb3bcb3c6edf0d5732214b0f1608ebad75726d2
CVE-2022-38545,xCss@@Valine,8da85529065034037c504f289d6a6f27a0f8688c
CVE-2022-38545,xCss@@Valine,84efe0f22acc5a7c2702c91601e4f4fb3115f9b0
CVE-2022-38545,xCss@@Valine,9ef5fe78ce27d840336063c58c0cc61364f314ce
CVE-2022-38545,xCss@@Valine,256c934eeb43ff9499201850a538f1b93de3631e
CVE-2022-38545,xCss@@Valine,febc36b94d6a26dde283c1fb1cc9c3344cf6eaf1
CVE-2022-38545,xCss@@Valine,cec4f8ee772c3a7970a5568c6060cc3e897548a9
CVE-2022-38545,xCss@@Valine,ef91918dd70b6ba032a78c1d0d8cb2f0dd0d16a5
CVE-2022-38545,xCss@@Valine,fd1b2ecf8b0bfffe57da84f978053316c4d1897f
CVE-2022-38545,xCss@@Valine,6c6e7b621dab459ccaec0901dd2d635fa569917c
CVE-2022-38545,xCss@@Valine,f1b9639b0b1efcdbb023f4ae5872b6936bee6fd2
CVE-2022-38545,xCss@@Valine,9dabd2808603e08f72dacc64fae2fbf46f2a8bbb
CVE-2022-38545,xCss@@Valine,0bb3230f8e27539aa667b397f42bd49e57f270ae
CVE-2022-38545,xCss@@Valine,8f7aeeab9c8ff1255d3ca576026fbbf4702a860b
CVE-2022-38545,xCss@@Valine,92308faca56e725aa877906710ce9d35f1873bf8
CVE-2022-38545,xCss@@Valine,d70803ed8ca462695e5262a3a49bc5a0ffd36035
CVE-2022-38545,xCss@@Valine,576660064f92f72674ecd2212a39082ba4f08b78
CVE-2022-38545,xCss@@Valine,c833c8f47aa9aee0ec8c2af8e14bbee00b7d920d
CVE-2022-38545,xCss@@Valine,13f921812dda751b1b9c8b6213f1f9b6b8589d3d
CVE-2022-38545,xCss@@Valine,05623b1b6514fe199cf9f963852e4da14002aeb4
CVE-2022-38545,xCss@@Valine,788cb9def550d0db623a9d813cba00a97c0337d4
CVE-2022-38545,xCss@@Valine,bc19b69449c4a76b65e8e461c38fa255942d2a13
CVE-2022-38545,xCss@@Valine,d1b50b9502bc4604dea9954a34749f136d81237d
CVE-2022-38545,xCss@@Valine,94ff91d2439825b4895a7f01f366c4eda02510c4
CVE-2022-38545,xCss@@Valine,d4ec8c41bad316b02d2002c3e1be4bad7a90eb46
CVE-2022-38545,xCss@@Valine,9b2c3b25109a1029936a0cfa9bc0db9cbf75b3d9
CVE-2022-38545,xCss@@Valine,a1302ae0cf1b7d835ad6112abe02685de5bd3632
CVE-2022-38545,xCss@@Valine,fdb48432c8bac8f9bc3c987632bc98ef317c4f0a
CVE-2022-38545,xCss@@Valine,8bba75f9e7b88f7357a38b98873109c83d6cc3a1
CVE-2022-38545,xCss@@Valine,89fa53ff8192e389e7f7e58d539e50efbcc5d5fa
CVE-2022-38545,xCss@@Valine,81697eb7d00557d6dc3bf6e5c8860f1ab0b8f34e
CVE-2022-38545,xCss@@Valine,c8de63af9c1760a66c8883f728949a4d352fc63a
CVE-2022-38545,xCss@@Valine,4120c512dcfc9e18b3836df5781ca31d1af9ac14
CVE-2022-38545,xCss@@Valine,80e25b0ee90742bf52e60df4ae924fd788e1d5c0
CVE-2022-38545,xCss@@Valine,398a4de38521e906b7a8c06946072976d7123a1f
CVE-2022-38545,xCss@@Valine,36e1867713aee0b4eea8dbf7ce7cc62fc7d99705
CVE-2022-38545,xCss@@Valine,25d6deebb07edd258964d216ab922e817ee11cc3
CVE-2022-38545,xCss@@Valine,3dbfeb60ead5e5dddc7e9e7d6c1c84b767c307c9
CVE-2022-38545,xCss@@Valine,42279fb4fc99416b309f1b98a11b5319a9e8f969
CVE-2022-38545,xCss@@Valine,21fdeecc6e2391aa5000f6fa315cefc074bb059b
CVE-2022-38545,xCss@@Valine,2709612f2c31aee1f9aa508716ca301caa7626b1
CVE-2022-38545,xCss@@Valine,7855d304d8975c89a652610bdd48896b6d614c87
CVE-2022-38545,xCss@@Valine,cc4c39a2201aa985cdfebe60ba4affca3a64ca2b
CVE-2022-38545,xCss@@Valine,da035769fe5bc3d7b9c5f15386fa4a7bad2362f4
CVE-2022-38545,xCss@@Valine,f6bd2ad9283a6dc2fb0c8e3ef7a74fb50a5bffea
CVE-2022-38545,xCss@@Valine,237619686602b62f3b85e253f5c068fd2bb2d3ea
CVE-2022-38545,xCss@@Valine,313217a5da6ae02cc19bd93724bfa52cc32fc2b8
CVE-2022-38545,xCss@@Valine,5dd3229cd54172aff99d87f0858eb76688b1c7c0
CVE-2022-38545,xCss@@Valine,551f1e0dc6bb3f220a72c439143e7d35be0b394b
CVE-2022-38545,xCss@@Valine,3812695ee20d7be24182fec88ed40b86c1383d01
CVE-2022-38545,xCss@@Valine,c8a35c0bd4f998e618869a76bd97954f5e741d01
CVE-2022-38545,xCss@@Valine,e227babc9876b04bbeaa0d8c60e019088c30be52
CVE-2022-38545,xCss@@Valine,c7791acef29ae04c0d9a8aa6ed76e1ad94d8a120
CVE-2022-38545,xCss@@Valine,680bd086b8a1c46b7ece9f380a38add872657177
CVE-2022-38545,xCss@@Valine,630b392d15dd6f9e9f299b8cda662f399f79592d
CVE-2022-38545,xCss@@Valine,848f752ca7878adaebc12cff5fc32fcc2baf21bc
CVE-2022-38545,xCss@@Valine,284875306c5e0253311b8389aba07c0c40c18479
CVE-2022-38545,xCss@@Valine,d7e7267ee9f48b006ca919b9139291a7bc098e60
CVE-2022-38545,xCss@@Valine,77cb79547ec89ae1ef20d656f3656f4ae01d3c08
CVE-2022-38545,xCss@@Valine,a780dfd4113b4c31109572e70441547b67180810
CVE-2022-38545,xCss@@Valine,65ea9932f090e71a2f94a999e1562502653c8173
CVE-2022-38545,xCss@@Valine,db4ed09223e1ba7d4630b4e9eb03b934d4086d9f
CVE-2022-38545,xCss@@Valine,85c9174ebba6dd40f15661c2c0870227ed22af8c
CVE-2022-38545,xCss@@Valine,0ecaebd2b923be534d93e00230669e7ad544f09f
CVE-2022-38545,xCss@@Valine,b307a265ee7fae9cfbe903c9a42c7263f4ebd513
CVE-2022-38545,xCss@@Valine,d4cae13091deff61bbec4aac5192e02c8fd1d97c
CVE-2022-38545,xCss@@Valine,8adc43e5700ac194b0191a446f3f1d396b819af3
CVE-2022-38545,xCss@@Valine,61bc18de0c6db032fee05a88373c60584923ccab
CVE-2022-38545,xCss@@Valine,6bfc14c0b45513c8755083958bf1de7e3cd6e827
CVE-2022-38545,xCss@@Valine,1b8fd9e3381e2648b3d765b471729e7232374133
CVE-2022-38545,xCss@@Valine,a46c5fd562b337e2af37dd80e282636d1301a145
CVE-2022-38545,xCss@@Valine,fbb5f9e8b70cd7a7cadee19781e1f67803559959
CVE-2022-38545,xCss@@Valine,3d248380396af3a27db7842a8e6f9136ba25d188
CVE-2022-38545,xCss@@Valine,4bbdae8bef84b28130b5824c8e9dadbc8862d4e9
CVE-2022-38545,xCss@@Valine,80cca91dbff2514e1704d5fef432dde8b6d308fb
CVE-2022-38545,xCss@@Valine,7b024401c5407bf25aced1759abb37a733bbfe1e
CVE-2022-38545,xCss@@Valine,bfae46a7f11e5172b12f2dbf5086847e899a11ee
CVE-2022-38545,xCss@@Valine,e06b0847e83329c151c4aae68266c52b5220a851
CVE-2022-38545,xCss@@Valine,9fe1eb4aabb69cc689961589f089f000cc2e88e1
CVE-2022-38545,xCss@@Valine,36487de2de6c3f58dbbaff9f192b783d905e4cba
CVE-2022-38545,xCss@@Valine,5c7bdab72310ed9095cdbb5c5d363e8287f4381b
CVE-2022-38545,xCss@@Valine,a5b03c0cd710a7fc5994d95af804dece0deadcf6
CVE-2022-38545,xCss@@Valine,843557e90dcbc6351781f5f4ee5143b2261ddaa4
CVE-2022-38545,xCss@@Valine,dc18dca152c21bb1cf543aea32694dd6664a228a
CVE-2022-38545,xCss@@Valine,310810849e8b8c378b1a720c0e695d7096b6d331
CVE-2022-38545,xCss@@Valine,cefd272eacdea665f20bc1eeeb18780984896eb2
CVE-2022-38545,xCss@@Valine,18db8c048d4fa15e639408c11518fdfa63c1c707
CVE-2022-38545,xCss@@Valine,d1e87f670ee0366bc1fa0c4515d8c8a23ded6302
CVE-2022-38545,xCss@@Valine,21fb759abecaad834f4406f201a6211879b29bb3
CVE-2022-38545,xCss@@Valine,7c8e092038105802a7dc8dcd98bf6ca55a835dfa
CVE-2022-38545,xCss@@Valine,41c9acc8bc704abf0050ebd392e7bc56e3b65d6f
CVE-2022-38545,xCss@@Valine,94157040f4bf070af7cc31f3d770fe078926fcda
CVE-2022-38545,xCss@@Valine,3fbddbf71dff61d35ccdfb18f39cbf4ac679330c
CVE-2022-38545,xCss@@Valine,fd2bf030bfabf0b2e9a5023805ab306d8e3de84b
CVE-2022-38545,xCss@@Valine,1ac47e9196a03b35b1dc709e27f0525c7d60f98c
CVE-2022-38545,xCss@@Valine,bb39b1228074e2ea74d2a1b38d300c452ef6c9b4
CVE-2022-38545,xCss@@Valine,297f4e2b964ba2b653cad454c62e550b0602dafb
CVE-2022-38545,xCss@@Valine,60bc2963a3df0949ec7572274b9115ce0fc646e3
CVE-2022-38545,xCss@@Valine,96b1ca85b48ca7f55f218d14f9cbd2aab72125e2
CVE-2022-38545,xCss@@Valine,29c594bd8c5710f7fa1427295222a1bc35a0581c
CVE-2022-38545,xCss@@Valine,351ac6f69ff717ad057fbe69cf24afe952e5d068
CVE-2022-38545,xCss@@Valine,87826197a730b03ae169d135aab78c1a7b30fa65
CVE-2022-38545,xCss@@Valine,955201420e8c457c83b8bfa5165dae521b4168da
CVE-2022-38545,xCss@@Valine,c52f285b6328d26d40fe0363ad68fa61a98f4459
CVE-2022-38545,xCss@@Valine,23a08fb88f6803e3b5e9b28f4ec9b03c37c954d6
CVE-2022-38545,xCss@@Valine,2c85c6d735c439d6d196700b1461695aeb7dad59
CVE-2022-38545,xCss@@Valine,7fb4a659541947cf8101511d493b7fe291c0c58f
CVE-2022-38545,xCss@@Valine,d0c1d2cc68edd9ec6084358a2753733140eb15b1
CVE-2022-38545,xCss@@Valine,60f4422f1a091600f850293ace4f8b84e9b93304
CVE-2022-38545,xCss@@Valine,1e0fb40eca23cbd29382cac0aded70e2b44ddd8b
CVE-2022-38545,xCss@@Valine,0fd4576118ce84a9b9bedd925f3109bb1f69e86a
CVE-2022-38545,xCss@@Valine,ba7eef1f4121db8c73e288e9f6e2a73415767890
CVE-2022-38545,xCss@@Valine,10b96be9a5793866f0ad4f97819822df445ac341
CVE-2022-38545,xCss@@Valine,4dfa69f966e72f97389c4a4529d20a7257c2d5b6
CVE-2022-38545,xCss@@Valine,57e1aed708888bbf4e04dc862b3d437db378b00b
CVE-2022-38545,xCss@@Valine,35f00a8269c59fe52063046bce7b11ea14e3b58e
CVE-2022-38545,xCss@@Valine,6fde500a9574c4e3a93d9f372706db19da520def
CVE-2022-38545,xCss@@Valine,fd5d126a6ff71bb8a9dec7958c2c38443403b250
CVE-2022-38545,xCss@@Valine,511dd8426f565c2c463461a704fc86e762139509
CVE-2022-38545,xCss@@Valine,50dad84e9955dca678cfff2b5010833960d7731e
CVE-2022-38545,xCss@@Valine,74bd28a3fb901c56e2273669436823574f91515e
CVE-2022-38545,xCss@@Valine,3e340d6e2a9f25c2781c9679c80e944390b2d29d
CVE-2022-38545,xCss@@Valine,53d9f0f16c8d310ad0b2d3cdd89592de5ecaa318
CVE-2022-38545,xCss@@Valine,5c00524690def1ef44c34cf465363b1365de4b15
CVE-2022-38545,xCss@@Valine,d8d96ef90326dfdef0c107ec3316af5a05118ad9
CVE-2022-38545,xCss@@Valine,76e917b0940b1e646c355c49db1fe016b4d6913d
CVE-2022-38545,xCss@@Valine,63d59b90ec922e8cfbc9f1f8dbf1eae28f4e9fcf
CVE-2022-38545,xCss@@Valine,e37c3b69953a11afc9558d47f0305cff605ba18e
CVE-2022-38545,xCss@@Valine,b3de0bb099006447003357abff0afb2e1807e5fd
CVE-2022-38545,xCss@@Valine,4dab6d63e6a89ee20892527c0e8775412083b15f
CVE-2022-38545,xCss@@Valine,d647bef02133fb8f501021a95ca0003e0646ab14
CVE-2022-38545,xCss@@Valine,e97c6413cbe39ca6d8e1a45398988a6ab4d05d5c
CVE-2022-38545,xCss@@Valine,1bc57be468dd450d1eac46743e2ee9f167719c3a
CVE-2022-38545,xCss@@Valine,75efc082fd4138d794dad79ba198e7bd74bcce34
CVE-2022-38545,xCss@@Valine,89fd119fc0dbcc73684f6dd31e79954b34f16af6
CVE-2022-38545,xCss@@Valine,9d703ec5ab8491dcd8cff13f213367d2fc7bc591
CVE-2022-38545,xCss@@Valine,2e18e549c4987cf5b67c8c79158a3eff6ddc4497
CVE-2022-38545,xCss@@Valine,3f04f0ba98268f0b79ffefd0be5958617772b021
CVE-2022-38545,xCss@@Valine,13c15d9b992a570a9bb04c76dad53ef0934e9f85
CVE-2022-38545,xCss@@Valine,c55e75558d09d1322b72109d104bc2564eb46f87
CVE-2022-38545,xCss@@Valine,c3d202e6c62f4e1cb5f30456ff8c2a06bfed40f5
CVE-2022-38545,xCss@@Valine,26f200cb9382f38ac5b5ea77a94f39f68ee4ea6c
CVE-2022-38545,xCss@@Valine,8e975a5dbd26a74988e898a12376c2024c23ccf7
CVE-2022-38545,xCss@@Valine,70d68aee992318fc9620d6ba584a6d56ffe43400
CVE-2022-38545,xCss@@Valine,f28ddcbe0a801ca27056b1a1674d550059424407
CVE-2022-38545,xCss@@Valine,402cabce6a727d5a7b51986eaebd6b849fc36871
CVE-2022-38545,xCss@@Valine,8e6028fd768fa5c2ac7eaeafb6241020bc1a1970
CVE-2022-38545,xCss@@Valine,f995d7290d446cfc6e012268fcf4dc9f327165dc
CVE-2022-38545,xCss@@Valine,32d4d5e68df804f0eabb1a2bebbbf9459e31c2b7
CVE-2022-38545,xCss@@Valine,5f15f3c9a489ee2d4c471daff939d129424aef88
CVE-2022-38545,xCss@@Valine,a4d1b4aa4ca18a3e5fa1e00ee14ce619b179f8d0
CVE-2022-38545,xCss@@Valine,1d820d9c95f621fd1d43bd8b2fc49f89e776b0e5
CVE-2022-38545,xCss@@Valine,35b481ca22ab98bdc0c19b41091622047222bf84
CVE-2022-38545,xCss@@Valine,76be5000220d032d29546115e0e43ca07b5461bb
CVE-2022-38545,xCss@@Valine,3bd94faf3a1a783c7d26d416953034d904aac3a7
CVE-2022-38545,xCss@@Valine,33ab233d1c7fd0ce4d737ebc28980d5da2210467
CVE-2022-38545,xCss@@Valine,ede281e01cc42cae2efe44d5bc3d8a9f88eb8475
CVE-2022-38545,xCss@@Valine,8de452b8c5ce84199558c717c0136e14715301a4
CVE-2022-38545,xCss@@Valine,ec3e111f8f59cf1abe29934324bfad8b90526f06
CVE-2022-38545,xCss@@Valine,c8fbe6893f60bb84f09b5bbd28fbaafc7f6d3e57
CVE-2022-38545,xCss@@Valine,46bf763dd8f59098a14f0dc8eff0ed0c993c662e
CVE-2022-38545,xCss@@Valine,d33c7a656c09028aa1618dfe40ffbf17c3d346ce
CVE-2022-38545,xCss@@Valine,a4bc0b1e796866a7576303c4cc1882a1ba83d8ad
CVE-2022-38545,xCss@@Valine,08fe16aaddc9f3468b8de6f184128b3663894865
